日期,股票代码,开盘,收盘,最高,最低,成交量,成交额,振幅,涨跌幅,涨跌额,换手率
2020-09-29,600019,11.63,11.65,11.68,11.63,309119,153464012.0,0.43,0.09,0.01,0.14
2020-09-30,600019,11.67,11.69,11.73,11.63,384025,191668684.0,0.86,0.34,0.04,0.17
2020-10-09,600019,11.74,11.76,11.79,11.73,422973,213483491.0,0.51,0.6,0.07,0.19
2020-10-12,600019,11.76,11.81,11.81,11.76,573181,290788368.0,0.43,0.43,0.05,0.26
2020-10-13,600019,11.79,11.75,11.8,11.74,318551,160619540.0,0.51,-0.51,-0.06,0.14
2020-10-14,600019,11.75,11.7,11.75,11.69,433949,217214179.0,0.51,-0.43,-0.05,0.2
2020-10-15,600019,11.7,11.72,11.75,11.69,402957,202148671.0,0.51,0.17,0.02,0.18
2020-10-16,600019,11.75,11.96,12.0,11.72,1975496,1017965824.0,2.39,2.05,0.24,0.89
2020-10-19,600019,11.97,12.07,12.24,11.96,1770843,947328368.0,2.34,0.92,0.11,0.8
2020-10-20,600019,12.08,11.87,12.11,11.84,1250674,647662032.0,2.24,-1.66,-0.2,0.56
2020-10-21,600019,11.91,11.96,11.98,11.85,649118,336246048.0,1.1,0.76,0.09,0.29
2020-10-22,600019,11.94,11.95,12.04,11.89,652159,339346816.0,1.25,-0.08,-0.01,0.29
2020-10-23,600019,11.95,12.11,12.19,11.92,1093960,582014896.0,2.26,1.34,0.16,0.49
2020-10-26,600019,12.13,12.13,12.26,12.0,1199562,641899776.0,2.15,0.17,0.02,0.54
2020-10-27,600019,12.13,12.23,12.24,12.04,1372849,738041104.0,1.65,0.82,0.1,0.62
2020-10-28,600019,12.23,12.26,12.29,12.14,1209992,657268432.0,1.23,0.25,0.03,0.55
2020-10-29,600019,12.22,12.34,12.42,12.14,1234418,676617328.0,2.28,0.65,0.08,0.56
2020-10-30,600019,12.29,12.12,12.41,12.11,1705208,925641968.0,2.43,-1.78,-0.22,0.77
2020-11-02,600019,12.12,12.37,12.37,12.11,1761399,966770480.0,2.15,2.06,0.25,0.8
2020-11-03,600019,12.41,12.42,12.47,12.31,1243335,694383536.0,1.29,0.4,0.05,0.56
2020-11-04,600019,12.42,12.62,12.64,12.35,1192628,674761792.0,2.33,1.61,0.2,0.54
2020-11-05,600019,12.68,13.07,13.12,12.65,2466087,1478601712.0,3.72,3.57,0.45,1.11
2020-11-06,600019,13.06,13.16,13.17,12.94,1539983,942705872.0,1.76,0.69,0.09,0.7
2020-11-09,600019,13.3,13.58,13.59,13.13,2304594,1476559456.0,3.5,3.19,0.42,1.04
2020-11-10,600019,13.62,13.47,13.72,13.35,1968370,1278908960.0,2.72,-0.81,-0.11,0.89
2020-11-11,600019,13.44,13.4,13.59,13.35,1364162,878932464.0,1.78,-0.52,-0.07,0.62
2020-11-12,600019,13.39,13.4,13.41,13.18,1318859,832215104.0,1.72,0.0,0.0,0.6
2020-11-13,600019,13.29,13.35,13.47,13.23,1007701,638261424.0,1.79,-0.37,-0.05,0.45
2020-11-16,600019,13.39,13.58,13.64,13.28,1577974,1018993200.0,2.7,1.72,0.23,0.71
2020-11-17,600019,13.55,13.36,13.61,13.26,1117395,716795584.0,2.58,-1.62,-0.22,0.5
2020-11-18,600019,13.31,13.3,13.51,13.2,1204871,763626656.0,2.32,-0.45,-0.06,0.54
2020-11-19,600019,13.3,13.28,13.37,13.12,1062750,665729760.0,1.88,-0.15,-0.02,0.48
2020-11-20,600019,13.29,13.52,13.55,13.22,1190938,763673952.0,2.48,1.81,0.24,0.54
2020-11-23,600019,13.52,13.4,13.68,13.31,1843511,1188132592.0,2.74,-0.89,-0.12,0.83
2020-11-24,600019,13.44,13.56,13.59,13.33,1370506,886726432.0,1.94,1.19,0.16,0.62
2020-11-25,600019,13.64,13.39,13.67,13.39,1159019,751563984.0,2.06,-1.25,-0.17,0.52
2020-11-26,600019,13.4,13.39,13.44,13.26,618882,392836864.0,1.34,0.0,0.0,0.28
2020-11-27,600019,13.36,13.31,13.58,13.18,1468158,930574736.0,2.99,-0.6,-0.08,0.66
2020-11-30,600019,13.31,13.18,13.57,13.18,1605290,1023652768.0,2.93,-0.98,-0.13,0.72
2020-12-01,600019,13.28,13.29,13.31,13.14,1190910,744693616.0,1.29,0.83,0.11,0.54
2020-12-02,600019,13.35,13.5,13.5,13.29,1306453,835380592.0,1.58,1.58,0.21,0.59
2020-12-03,600019,13.42,13.17,13.45,13.14,1623038,1014941264.0,2.3,-2.44,-0.33,0.73
2020-12-04,600019,13.13,13.01,13.13,12.8,1652041,996121456.0,2.51,-1.21,-0.16,0.75
2020-12-07,600019,13.01,12.87,13.06,12.79,1338796,797688432.0,2.08,-1.08,-0.14,0.6
2020-12-08,600019,12.91,12.89,12.96,12.84,615778,368388208.0,0.93,0.16,0.02,0.28
2020-12-09,600019,12.91,12.83,13.01,12.8,714086,427445728.0,1.63,-0.47,-0.06,0.32
2020-12-10,600019,12.92,13.12,13.16,12.91,1602167,979737840.0,1.95,2.26,0.29,0.72
2020-12-11,600019,13.19,13.06,13.22,12.85,1125260,682622608.0,2.82,-0.46,-0.06,0.51
2020-12-14,600019,12.98,12.87,13.03,12.73,1137272,674074752.0,2.3,-1.45,-0.19,0.51
2020-12-15,600019,12.89,12.81,12.92,12.7,830218,487823648.0,1.71,-0.47,-0.06,0.37
2020-12-16,600019,12.83,12.78,12.94,12.72,706069,417196720.0,1.72,-0.23,-0.03,0.32
2020-12-17,600019,12.79,13.07,13.08,12.74,1225986,739559824.0,2.66,2.27,0.29,0.55
2020-12-18,600019,13.05,13.2,13.31,13.05,1016175,632123856.0,1.99,0.99,0.13,0.46
2020-12-21,600019,13.22,13.17,13.34,13.12,868132,541125072.0,1.67,-0.23,-0.03,0.39
2020-12-22,600019,13.2,12.84,13.25,12.8,1254827,762098464.0,3.42,-2.51,-0.33,0.57
2020-12-23,600019,12.83,12.96,12.97,12.79,817995,489120960.0,1.4,0.93,0.12,0.37
2020-12-24,600019,12.97,12.85,13.05,12.81,522520,313300240.0,1.85,-0.85,-0.11,0.24
2020-12-25,600019,12.83,13.0,13.01,12.81,516053,310510544.0,1.56,1.17,0.15,0.23
2020-12-28,600019,12.97,12.91,13.01,12.85,604222,361986512.0,1.23,-0.69,-0.09,0.27
2020-12-29,600019,12.94,12.78,12.95,12.76,673689,400107824.0,1.47,-1.01,-0.13,0.3
2020-12-30,600019,12.81,12.89,12.95,12.79,575629,343416976.0,1.25,0.86,0.11,0.26
2020-12-31,600019,12.86,12.86,12.91,12.79,638017,379025792.0,0.93,-0.23,-0.03,0.29
2021-01-04,600019,12.87,13.03,13.08,12.8,1029537,622565296.0,2.18,1.32,0.17,0.46
2021-01-05,600019,13.03,12.85,13.03,12.73,1261376,748292704.0,2.3,-1.38,-0.18,0.57
2021-01-06,600019,12.8,12.86,12.95,12.8,1020155,606985776.0,1.17,0.08,0.01,0.46
2021-01-07,600019,12.95,13.36,13.37,12.95,2365570,1468944528.0,3.27,3.89,0.5,1.07
2021-01-08,600019,13.4,13.61,13.61,13.18,1786939,1146088480.0,3.22,1.87,0.25,0.81
2021-01-11,600019,13.63,13.28,13.72,13.24,1827305,1178488336.0,3.53,-2.42,-0.33,0.82
2021-01-12,600019,13.23,13.35,13.42,13.2,1097600,693006720.0,1.66,0.53,0.07,0.5
2021-01-13,600019,13.29,13.53,13.63,13.19,1488990,958308800.0,3.3,1.35,0.18,0.67
2021-01-14,600019,13.47,13.95,13.98,13.26,2376020,1568780880.0,5.32,3.1,0.42,1.07
2021-01-15,600019,13.84,13.35,13.89,13.34,2232392,1455045824.0,3.94,-4.3,-0.6,1.01
2021-01-18,600019,13.24,13.28,13.35,13.14,1086157,681459520.0,1.57,-0.52,-0.07,0.49
2021-01-19,600019,13.28,13.18,13.29,13.12,1073864,666979040.0,1.28,-0.75,-0.1,0.48
2021-01-20,600019,13.64,13.92,13.94,13.64,3761768,2544562432.0,2.28,5.61,0.74,1.69
2021-01-21,600019,13.84,13.91,13.95,13.73,2029894,1369453616.0,1.58,-0.07,-0.01,0.91
2021-01-22,600019,13.86,13.72,13.87,13.7,1234578,826380656.0,1.22,-1.37,-0.19,0.56
2021-01-25,600019,13.66,13.94,14.18,13.64,1811142,1232486912.0,3.94,1.6,0.22,0.82
2021-01-26,600019,13.9,14.18,14.33,13.9,2412877,1692785280.0,3.08,1.72,0.24,1.09
2021-01-27,600019,14.2,14.12,14.39,14.06,1507246,1060304240.0,2.33,-0.42,-0.06,0.68
2021-01-28,600019,14.02,13.89,14.13,13.84,1328639,909563120.0,2.05,-1.63,-0.23,0.6
2021-01-29,600019,13.9,13.61,13.97,13.53,1412590,940907280.0,3.17,-2.02,-0.28,0.64
2021-02-01,600019,13.58,13.63,13.7,13.47,997786,653434656.0,1.69,0.15,0.02,0.45
2021-02-02,600019,13.58,13.55,13.64,13.36,1198843,774966368.0,2.05,-0.59,-0.08,0.54
2021-02-03,600019,13.5,13.72,13.8,13.4,1239784,817894992.0,2.95,1.25,0.17,0.56
2021-02-04,600019,13.64,13.72,13.75,13.4,1397209,911741760.0,2.55,0.0,0.0,0.63
2021-02-05,600019,13.7,13.74,13.92,13.64,1027631,689781136.0,2.04,0.15,0.02,0.46
2021-02-08,600019,13.75,13.95,13.96,13.68,1279489,866299760.0,2.04,1.53,0.21,0.58
2021-02-09,600019,13.9,14.06,14.11,13.84,1166813,805495536.0,1.94,0.79,0.11,0.53
2021-02-10,600019,14.03,13.91,14.05,13.8,1640144,1115368416.0,1.78,-1.07,-0.15,0.74
2021-02-18,600019,14.14,14.33,14.44,14.13,2058832,1460968752.0,2.23,3.02,0.42,0.93
2021-02-19,600019,14.24,14.48,14.48,14.2,1541363,1108851392.0,1.95,1.05,0.15,0.69
2021-02-22,600019,14.69,15.36,15.38,14.61,4292217,3380377232.0,5.32,6.08,0.88,1.93
2021-02-23,600019,15.47,15.29,15.56,15.17,2727496,2180775504.0,2.54,-0.46,-0.07,1.23
2021-02-24,600019,15.25,14.8,15.31,14.73,2320585,1776868480.0,3.79,-3.2,-0.49,1.04
2021-02-25,600019,14.96,15.06,15.24,14.95,2163042,1683984576.0,1.96,1.76,0.26,0.97
2021-02-26,600019,14.72,14.78,15.02,14.62,1809625,1364705696.0,2.66,-1.86,-0.28,0.81
2021-03-01,600019,14.88,15.41,15.56,14.88,2876016,2269520528.0,4.6,4.26,0.63,1.29
2021-03-02,600019,15.6,15.35,15.8,15.18,2395251,1948856480.0,4.02,-0.39,-0.06,1.08
2021-03-03,600019,15.56,16.27,16.31,15.55,4463347,3777897328.0,4.95,5.99,0.92,2.01
2021-03-04,600019,16.07,16.1,16.66,16.01,3827853,3352281520.0,4.0,-1.04,-0.17,1.72
2021-03-05,600019,15.63,15.28,15.73,15.19,3035464,2430832656.0,3.35,-5.09,-0.82,1.37
2021-03-08,600019,15.61,15.4,15.97,15.24,2418189,1990606208.0,4.78,0.79,0.12,1.09
2021-03-09,600019,15.38,15.96,16.38,15.23,4174918,3548002272.0,7.47,3.64,0.56,1.88
2021-03-10,600019,15.75,15.73,16.46,15.56,2674663,2279932720.0,5.64,-1.44,-0.23,1.2
2021-03-11,600019,15.73,16.42,16.51,15.58,2762262,2374286816.0,5.91,4.39,0.69,1.24
2021-03-12,600019,16.64,16.67,16.77,16.17,3041163,2718844544.0,3.65,1.52,0.25,1.37
2021-03-15,600019,16.83,16.74,17.24,16.4,2637156,2421126240.0,5.04,0.42,0.07,1.19
2021-03-16,600019,16.51,16.52,16.61,16.11,2026687,1784059392.0,2.99,-1.31,-0.22,0.91
2021-03-17,600019,16.29,16.19,16.38,15.83,2283729,1960645696.0,3.33,-2.0,-0.33,1.03
2021-03-18,600019,16.3,16.49,16.86,16.14,1923781,1717766752.0,4.45,1.85,0.3,0.87
2021-03-19,600019,16.24,16.61,16.67,16.21,1757440,1564790544.0,2.79,0.73,0.12,0.79
2021-03-22,600019,16.77,16.53,17.13,16.51,1605602,1469911152.0,3.73,-0.48,-0.08,0.72
2021-03-23,600019,16.44,16.02,16.71,15.95,1965851,1701479056.0,4.6,-3.09,-0.51,0.89
2021-03-24,600019,15.91,15.4,15.91,15.27,2340910,1898937056.0,4.0,-3.87,-0.62,1.05
2021-03-25,600019,15.25,15.27,15.5,15.06,1641132,1298783248.0,2.86,-0.84,-0.13,0.74
2021-03-26,600019,15.39,15.53,15.6,15.34,1032976,836931952.0,1.7,1.7,0.26,0.47
2021-03-29,600019,15.62,15.62,15.79,15.42,1555152,1275913872.0,2.38,0.58,0.09,0.7
2021-03-30,600019,15.55,15.6,15.66,15.38,1095785,891883504.0,1.79,-0.13,-0.02,0.49
2021-03-31,600019,15.73,15.46,15.75,15.39,927707,752843760.0,2.31,-0.9,-0.14,0.42
2021-04-01,600019,15.46,15.89,16.06,15.36,1596414,1322601232.0,4.53,2.78,0.43,0.72
2021-04-02,600019,15.78,15.58,15.83,15.4,1218632,994689856.0,2.71,-1.95,-0.31,0.55
2021-04-06,600019,15.66,15.64,15.91,15.6,1013411,840948736.0,1.99,0.39,0.06,0.46
2021-04-07,600019,15.6,15.97,16.21,15.46,1956532,1640973232.0,4.8,2.11,0.33,0.88
2021-04-08,600019,15.95,16.11,16.36,15.86,2043469,1766630688.0,3.13,0.88,0.14,0.92
2021-04-09,600019,16.18,16.17,16.34,15.89,1565764,1353604080.0,2.79,0.37,0.06,0.7
2021-04-12,600019,16.17,15.85,16.29,15.7,2090249,1772181280.0,3.65,-1.98,-0.32,0.94
2021-04-13,600019,15.69,15.62,15.73,15.46,1165118,951991472.0,1.7,-1.45,-0.23,0.52
2021-04-14,600019,15.6,15.68,15.83,15.51,939344,776858608.0,2.05,0.38,0.06,0.42
2021-04-15,600019,15.68,15.66,15.79,15.49,677113,555491072.0,1.91,-0.13,-0.02,0.3
2021-04-16,600019,15.62,15.69,15.91,15.6,1046736,871130320.0,1.98,0.19,0.03,0.47
2021-04-19,600019,15.61,15.64,15.77,15.51,770993,634366688.0,1.66,-0.32,-0.05,0.35
2021-04-20,600019,15.53,15.88,15.94,15.5,1542970,1282181024.0,2.81,1.53,0.24,0.69
2021-04-21,600019,15.8,15.45,15.8,15.39,1595818,1294606416.0,2.58,-2.71,-0.43,0.72
2021-04-22,600019,15.51,15.72,16.07,15.51,2046969,1710723344.0,3.62,1.75,0.27,0.92
2021-04-23,600019,15.69,16.14,16.27,15.63,2053303,1750740960.0,4.07,2.67,0.42,0.92
2021-04-26,600019,16.29,16.17,16.67,16.1,2100913,1854371280.0,3.53,0.19,0.03,0.95
2021-04-27,600019,15.97,16.02,16.22,15.67,1860883,1569273600.0,3.4,-0.93,-0.15,0.84
2021-04-28,600019,15.99,16.34,16.44,15.91,1817795,1595507760.0,3.31,2.0,0.32,0.82
2021-04-29,600019,16.44,16.21,16.47,15.99,1309044,1133452976.0,2.94,-0.8,-0.13,0.59
2021-04-30,600019,16.18,16.13,16.33,16.03,928286,802980752.0,1.85,-0.49,-0.08,0.42
2021-05-06,600019,16.4,16.6,16.77,16.4,1968633,1774168416.0,2.29,2.91,0.47,0.89
2021-05-07,600019,16.79,16.62,16.82,16.36,2316208,2095817648.0,2.77,0.12,0.02,1.04
2021-05-10,600019,16.82,16.82,17.0,16.38,2808779,2547663616.0,3.73,1.2,0.2,1.26
2021-05-11,600019,16.46,16.31,16.52,16.03,2013560,1762245568.0,2.91,-3.03,-0.51,0.91
2021-05-12,600019,16.34,16.33,16.49,16.03,1276333,1117742192.0,2.82,0.12,0.02,0.57
2021-05-13,600019,16.1,15.61,16.13,15.61,1957486,1637681232.0,3.18,-4.41,-0.72,0.88
2021-05-14,600019,15.62,15.52,15.7,15.42,1479678,1204528912.0,1.79,-0.58,-0.09,0.67
2021-05-17,600019,15.44,15.47,15.58,15.44,1386184,1123202784.0,0.9,-0.32,-0.05,0.62
2021-05-18,600019,15.55,15.56,15.57,15.46,828870,673827648.0,0.71,0.58,0.09,0.37
2021-05-19,600019,15.5,15.24,15.5,15.17,1770541,1405232880.0,2.12,-2.06,-0.32,0.8
2021-05-20,600019,14.86,15.07,15.18,14.66,2698301,2048103808.0,3.41,-1.12,-0.17,1.21
2021-05-21,600019,15.03,15.22,15.3,14.96,1196525,938970352.0,2.26,1.0,0.15,0.54
2021-05-24,600019,15.08,15.03,15.16,14.84,1296793,997892832.0,2.1,-1.25,-0.19,0.58
2021-05-25,600019,15.03,15.05,15.08,14.81,1420622,1090042832.0,1.8,0.13,0.02,0.64
2021-05-26,600019,14.92,15.07,15.12,14.89,834682,645292864.0,1.53,0.13,0.02,0.38
2021-05-27,600019,15.09,15.2,15.28,15.02,1143136,894648800.0,1.73,0.86,0.13,0.51
2021-05-28,600019,15.36,15.19,15.44,15.13,998418,790569984.0,2.04,-0.07,-0.01,0.45
2021-05-31,600019,15.24,15.22,15.27,15.09,816332,640666688.0,1.18,0.2,0.03,0.37
2021-06-01,600019,15.09,15.3,15.33,14.86,1426702,1105101120.0,3.09,0.53,0.08,0.64
2021-06-02,600019,15.23,15.09,15.33,15.07,835394,654117200.0,1.7,-1.37,-0.21,0.38
2021-06-03,600019,15.14,15.17,15.34,15.11,844332,666571392.0,1.52,0.53,0.08,0.38
2021-06-04,600019,15.13,15.24,15.36,15.07,827337,653662400.0,1.91,0.46,0.07,0.37
2021-06-07,600019,15.22,15.03,15.23,14.99,725200,562766672.0,1.57,-1.38,-0.21,0.33
2021-06-08,600019,15.0,15.22,15.3,14.99,1102993,864448464.0,2.06,1.26,0.19,0.5
2021-06-09,600019,15.22,15.29,15.41,15.18,970183,773216960.0,1.51,0.46,0.07,0.44
2021-06-10,600019,15.39,15.29,15.46,15.25,915498,730492656.0,1.37,0.0,0.0,0.41
2021-06-11,600019,15.36,15.39,15.45,15.24,1046393,835246672.0,1.37,0.65,0.1,0.47
2021-06-15,600019,15.38,15.09,15.38,15.0,940469,734920176.0,2.47,-1.95,-0.3,0.42
2021-06-16,600019,15.07,14.99,15.3,14.94,882105,685523424.0,2.39,-0.66,-0.1,0.4
2021-06-17,600019,14.99,14.57,15.0,14.48,2036133,1516046928.0,3.47,-2.8,-0.42,0.92
2021-06-18,600019,14.56,14.51,14.7,14.42,1600026,1126586112.0,1.92,-0.41,-0.06,0.72
2021-06-21,600019,14.61,14.67,14.72,14.57,1282080,912634016.0,1.03,1.1,0.16,0.58
2021-06-22,600019,14.63,14.69,14.75,14.52,1147705,816283360.0,1.57,0.14,0.02,0.52
2021-06-23,600019,14.68,15.11,15.23,14.63,1634133,1202964176.0,4.08,2.86,0.42,0.74
2021-06-24,600019,15.11,15.29,15.35,15.01,1054699,798994816.0,2.25,1.19,0.18,0.47
2021-06-25,600019,15.33,15.33,15.42,15.18,966282,740546688.0,1.57,0.26,0.04,0.44
2021-06-28,600019,15.31,15.3,15.34,15.16,687261,522548448.0,1.17,-0.2,-0.03,0.31
2021-06-29,600019,15.28,15.2,15.31,15.17,577127,437559824.0,0.92,-0.65,-0.1,0.26
2021-06-30,600019,15.28,15.29,15.38,15.2,519750,396502688.0,1.18,0.59,0.09,0.23
2021-07-01,600019,15.33,15.4,15.46,15.19,793460,610178512.0,1.77,0.72,0.11,0.36
2021-07-02,600019,15.25,15.28,15.38,15.09,991487,756507872.0,1.88,-0.78,-0.12,0.45
2021-07-05,600019,15.25,15.12,15.31,14.91,959066,714142384.0,2.62,-1.05,-0.16,0.43
2021-07-06,600019,15.16,15.06,15.34,15.01,673490,506878656.0,2.18,-0.4,-0.06,0.3
2021-07-07,600019,15.07,15.23,15.25,15.01,699590,525276720.0,1.59,1.13,0.17,0.31
2021-07-08,600019,15.3,15.22,15.34,15.12,753270,572267296.0,1.44,-0.07,-0.01,0.34
2021-07-09,600019,15.17,15.36,15.45,15.13,1082332,832367696.0,2.1,0.92,0.14,0.49
2021-07-12,600019,15.42,15.3,15.64,15.22,1367784,1060946640.0,2.73,-0.39,-0.06,0.62
2021-07-13,600019,15.3,15.29,15.36,15.19,889392,678198240.0,1.11,-0.07,-0.01,0.4
2021-07-14,600019,15.29,15.13,15.41,15.13,703547,534375136.0,1.83,-1.05,-0.16,0.32
2021-07-15,600019,15.2,15.79,15.88,15.13,1763499,1387300528.0,4.96,4.36,0.66,0.79
2021-07-16,600019,15.8,15.7,16.0,15.64,1693459,1368458272.0,2.28,-0.57,-0.09,0.76
2021-07-19,600019,15.81,15.56,15.95,15.5,1161608,925124752.0,2.87,-0.89,-0.14,0.52
2021-07-20,600019,15.4,15.27,15.41,15.12,1254017,951470368.0,1.86,-1.86,-0.29,0.56
2021-07-21,600019,15.35,15.31,15.4,15.17,946324,724443312.0,1.51,0.26,0.04,0.43
2021-07-22,600019,15.25,15.8,15.89,15.23,1907065,1522171232.0,4.31,3.2,0.49,0.86
2021-07-23,600019,15.95,15.84,16.21,15.83,1821520,1498371008.0,2.41,0.25,0.04,0.82
2021-07-26,600019,15.89,15.44,15.95,15.34,1616818,1267721568.0,3.85,-2.53,-0.4,0.73
2021-07-27,600019,15.49,14.96,15.61,14.95,1689628,1286766560.0,4.27,-3.11,-0.48,0.76
2021-07-28,600019,14.88,14.72,14.94,14.55,1754437,1259414224.0,2.61,-1.6,-0.24,0.79
2021-07-29,600019,14.85,14.79,14.86,14.58,1504981,1078924352.0,1.9,0.48,0.07,0.68
2021-07-30,600019,14.79,15.63,15.67,14.74,2576716,1958420144.0,6.29,5.68,0.84,1.16
2021-08-02,600019,15.24,14.88,15.28,14.69,2693238,1956711952.0,3.77,-4.8,-0.75,1.21
2021-08-03,600019,14.74,14.7,14.86,14.64,1385005,992186720.0,1.48,-1.21,-0.18,0.62
2021-08-04,600019,14.77,14.97,15.12,14.74,1433974,1054337264.0,2.59,1.84,0.27,0.65
2021-08-05,600019,14.92,14.94,15.03,14.8,1067223,782933280.0,1.54,-0.2,-0.03,0.48
2021-08-06,600019,14.9,15.07,15.19,14.88,972463,726689424.0,2.07,0.87,0.13,0.44
2021-08-09,600019,15.02,15.42,15.46,15.0,1263358,968537680.0,3.05,2.32,0.35,0.57
2021-08-10,600019,15.5,15.64,15.68,15.33,1232659,969256432.0,2.27,1.43,0.22,0.55
2021-08-11,600019,15.75,15.79,15.86,15.56,1368851,1096808480.0,1.92,0.96,0.15,0.62
2021-08-12,600019,15.78,16.08,16.44,15.7,2645599,2215088544.0,4.69,1.84,0.29,1.19
2021-08-13,600019,15.92,16.03,16.18,15.91,1176835,971803920.0,1.68,-0.31,-0.05,0.53
2021-08-16,600019,16.06,16.3,16.42,15.96,1713193,1443122080.0,2.87,1.68,0.27,0.77
2021-08-17,600019,16.25,16.1,16.36,15.96,1126889,942332000.0,2.45,-1.23,-0.2,0.51
2021-08-18,600019,16.08,16.17,16.35,16.01,953085,797360048.0,2.11,0.43,0.07,0.43
2021-08-19,600019,15.96,16.23,16.3,15.78,1172102,973037344.0,3.22,0.37,0.06,0.53
2021-08-20,600019,16.1,16.21,16.33,15.95,1172957,976103776.0,2.34,-0.12,-0.02,0.53
2021-08-23,600019,16.25,16.13,16.35,16.05,880413,735350672.0,1.85,-0.49,-0.08,0.4
2021-08-24,600019,16.17,16.22,16.56,16.1,1436429,1221193616.0,2.85,0.56,0.09,0.65
2021-08-25,600019,16.24,16.38,16.4,16.1,1197311,1013259856.0,1.85,0.99,0.16,0.54
2021-08-26,600019,16.39,16.86,17.1,16.34,2960505,2638121632.0,4.64,2.93,0.48,1.33
2021-08-27,600019,16.73,17.07,17.19,16.73,2138581,1934856720.0,2.73,1.25,0.21,0.96
2021-08-30,600019,17.44,17.73,17.86,17.4,2897264,2775176592.0,2.69,3.87,0.66,1.3
2021-08-31,600019,17.77,18.4,18.55,17.75,2932967,2947805184.0,4.51,3.78,0.67,1.32
2021-09-01,600019,18.41,18.47,18.84,18.14,2601830,2673458736.0,3.8,0.38,0.07,1.17
2021-09-02,600019,18.43,18.66,18.83,18.14,2207280,2260717840.0,3.74,1.03,0.19,0.99
2021-09-03,600019,18.56,18.23,18.6,18.04,1714519,1729141328.0,3.0,-2.3,-0.43,0.77
2021-09-06,600019,18.23,18.46,18.63,18.22,1455228,1482231216.0,2.25,1.26,0.23,0.66
2021-09-07,600019,18.38,19.19,19.3,18.3,1936278,2068422960.0,5.42,3.95,0.73,0.87
2021-09-08,600019,19.01,18.82,19.15,18.69,1549011,1636661808.0,2.4,-1.93,-0.37,0.7
2021-09-09,600019,18.79,19.9,20.08,18.79,3575836,3991273312.0,6.85,5.74,1.08,1.61
2021-09-10,600019,19.73,19.68,19.93,19.43,2184581,2458114528.0,2.51,-1.11,-0.22,0.98
2021-09-13,600019,19.57,20.41,20.69,19.57,2515520,2926446448.0,5.69,3.71,0.73,1.13
2021-09-14,600019,20.27,19.44,20.27,19.34,2379407,2687346368.0,4.56,-4.75,-0.97,1.07
2021-09-15,600019,19.35,19.43,19.83,19.18,1928615,2134279872.0,3.34,-0.05,-0.01,0.87
2021-09-16,600019,19.66,19.4,20.02,19.32,1875970,2097798976.0,3.6,-0.15,-0.03,0.84
2021-09-17,600019,19.29,18.72,19.57,18.3,2123029,2240195312.0,6.55,-3.51,-0.68,0.96
2021-09-22,600019,18.51,18.73,18.75,18.14,1947847,1986204960.0,3.26,0.05,0.01,0.88
2021-09-23,600019,18.73,18.6,18.93,18.28,1447761,1498237104.0,3.47,-0.69,-0.13,0.65
2021-09-24,600019,18.39,17.69,18.61,17.58,2723365,2672631280.0,5.54,-4.89,-0.91,1.23
2021-09-27,600019,17.69,17.25,17.77,17.19,2054307,1927058560.0,3.28,-2.49,-0.44,0.92
2021-09-28,600019,17.35,17.23,17.5,17.03,1687724,1559316016.0,2.72,-0.12,-0.02,0.76
2021-09-29,600019,17.19,16.47,17.23,16.36,2819483,2468214416.0,5.05,-4.41,-0.76,1.27
2021-09-30,600019,16.57,16.58,16.68,16.41,1889063,1640341488.0,1.64,0.67,0.11,0.85
2021-10-08,600019,16.77,16.49,16.77,16.33,1620949,1401860496.0,2.65,-0.54,-0.09,0.73
2021-10-11,600019,16.52,16.21,16.52,15.99,1812535,1517198288.0,3.21,-1.7,-0.28,0.82
2021-10-12,600019,16.24,15.78,16.34,15.62,2178815,1777294320.0,4.44,-2.65,-0.43,0.98
2021-10-13,600019,15.79,15.81,15.9,15.58,1235131,991430288.0,2.03,0.19,0.03,0.56
2021-10-14,600019,15.75,15.78,16.0,15.69,1449854,1177571792.0,1.96,-0.19,-0.03,0.65
2021-10-15,600019,15.91,15.88,16.02,15.74,1665850,1293712368.0,1.77,0.63,0.1,0.75
2021-10-18,600019,15.85,15.94,16.01,15.75,1549221,1207074992.0,1.64,0.38,0.06,0.7
2021-10-19,600019,15.91,16.01,16.03,15.77,1572010,1225761680.0,1.63,0.44,0.07,0.71
2021-10-20,600019,15.91,15.91,15.99,15.55,1608884,1243676816.0,2.75,-0.62,-0.1,0.72
2021-10-21,600019,15.99,15.78,16.08,15.75,1830231,1428541984.0,2.07,-0.82,-0.13,0.82
2021-10-22,600019,15.68,15.47,15.81,15.39,2086340,1567042496.0,2.66,-1.96,-0.31,0.94
2021-10-25,600019,15.47,15.5,15.55,15.22,1086107,804488352.0,2.13,0.19,0.03,0.49
2021-10-26,600019,15.51,15.44,15.61,15.36,1049780,780471904.0,1.61,-0.39,-0.06,0.47
2021-10-27,600019,15.45,15.2,15.5,15.16,1419101,1032329312.0,2.2,-1.55,-0.24,0.64
2021-10-28,600019,15.24,15.02,15.24,14.88,1830380,1291903872.0,2.37,-1.18,-0.18,0.82
2021-10-29,600019,15.08,15.09,15.17,15.0,1359819,966931376.0,1.13,0.47,0.07,0.61
2021-11-01,600019,15.11,14.95,15.11,14.91,1576952,1110151712.0,1.33,-0.93,-0.14,0.71
2021-11-02,600019,14.94,14.64,14.97,14.48,2328734,1586232672.0,3.28,-2.07,-0.31,1.05
2021-11-03,600019,14.66,14.75,14.8,14.53,1204259,820785168.0,1.84,0.75,0.11,0.54
2021-11-04,600019,14.74,14.58,14.74,14.52,1351199,908090336.0,1.49,-1.15,-0.17,0.61
2021-11-05,600019,14.46,14.22,14.48,14.18,1871389,1214978848.0,2.06,-2.47,-0.36,0.84
2021-11-08,600019,14.27,14.22,14.4,14.19,1337948,865212960.0,1.48,0.0,0.0,0.6
2021-11-09,600019,14.24,14.09,14.25,14.05,1592120,1008486224.0,1.41,-0.91,-0.13,0.72
2021-11-10,600019,14.03,14.17,14.22,13.89,2346862,1470327168.0,2.34,0.57,0.08,1.06
2021-11-11,600019,14.2,14.41,14.57,14.19,2928756,1917621328.0,2.68,1.69,0.24,1.32
2021-11-12,600019,14.41,14.17,14.44,14.14,1810861,1164326480.0,2.08,-1.67,-0.24,0.82
2021-11-15,600019,14.16,14.33,14.34,14.05,1419133,913238384.0,2.05,1.13,0.16,0.64
2021-11-16,600019,14.33,14.11,14.45,14.09,1555501,998757184.0,2.51,-1.54,-0.22,0.7
2021-11-17,600019,14.08,14.28,14.29,14.06,1356472,867089120.0,1.63,1.2,0.17,0.61
2021-11-18,600019,14.24,14.23,14.34,14.19,1022278,658929216.0,1.05,-0.35,-0.05,0.46
2021-11-19,600019,14.2,14.36,14.4,14.11,1282089,825791936.0,2.04,0.91,0.13,0.58
2021-11-22,600019,14.36,14.24,14.39,14.23,1365626,882725136.0,1.11,-0.84,-0.12,0.61
2021-11-23,600019,14.31,14.44,14.67,14.31,2643988,1758100128.0,2.53,1.4,0.2,1.19
2021-11-24,600019,14.51,14.67,14.7,14.4,2072707,1393971920.0,2.08,1.59,0.23,0.93
2021-11-25,600019,14.69,14.59,14.7,14.56,1268940,853635520.0,0.95,-0.55,-0.08,0.57
2021-11-26,600019,14.52,14.66,14.85,14.46,1706226,1159169888.0,2.67,0.48,0.07,0.77
2021-11-29,600019,14.51,14.52,14.57,14.34,1517588,1001617008.0,1.57,-0.95,-0.14,0.68
2021-11-30,600019,14.47,14.35,14.57,14.3,1279129,841420304.0,1.86,-1.17,-0.17,0.58
2021-12-01,600019,14.38,14.66,14.66,14.3,1502867,1002113072.0,2.51,2.16,0.31,0.68
2021-12-02,600019,14.61,14.92,14.99,14.58,2013019,1391768704.0,2.8,1.77,0.26,0.91
2021-12-03,600019,14.92,14.95,15.0,14.78,1423849,990353904.0,1.47,0.2,0.03,0.64
2021-12-06,600019,15.0,14.95,15.27,14.94,1846356,1312456688.0,2.21,0.0,0.0,0.83
2021-12-07,600019,15.05,15.22,15.23,14.88,2001431,1426696416.0,2.34,1.81,0.27,0.9
2021-12-08,600019,15.17,15.16,15.22,15.03,1484567,1061134432.0,1.25,-0.39,-0.06,0.67
2021-12-09,600019,15.14,15.07,15.17,15.02,1239929,884043968.0,0.99,-0.59,-0.09,0.56
2021-12-10,600019,15.07,14.95,15.09,14.85,1676856,1175570688.0,1.59,-0.8,-0.12,0.75
2021-12-13,600019,15.0,15.03,15.14,14.97,1372600,975318784.0,1.14,0.54,0.08,0.62
2021-12-14,600019,14.99,14.89,15.06,14.88,1259924,881045840.0,1.2,-0.93,-0.14,0.57
2021-12-15,600019,14.89,14.94,15.01,14.86,912064,639491360.0,1.01,0.34,0.05,0.41
2021-12-16,600019,14.95,15.51,15.56,14.95,3312613,2426953312.0,4.08,3.82,0.57,1.49
2021-12-17,600019,15.53,15.53,15.69,15.45,1582150,1188158160.0,1.55,0.13,0.02,0.71
2021-12-20,600019,15.5,15.23,15.58,15.19,1363407,999335808.0,2.51,-1.93,-0.3,0.61
2021-12-21,600019,15.27,15.52,15.55,15.16,1422573,1047653264.0,2.56,1.9,0.29,0.64
2021-12-22,600019,15.52,15.35,15.53,15.28,1059891,778836000.0,1.61,-1.1,-0.17,0.48
2021-12-23,600019,15.34,15.4,15.41,15.3,670834,493215760.0,0.72,0.33,0.05,0.3
2021-12-24,600019,15.39,15.25,15.44,15.23,690956,504354208.0,1.36,-0.97,-0.15,0.31
2021-12-27,600019,15.17,15.23,15.25,15.06,706019,507874384.0,1.25,-0.13,-0.02,0.32
2021-12-28,600019,15.19,15.13,15.22,15.07,721277,515556752.0,0.98,-0.66,-0.1,0.32
2021-12-29,600019,15.09,15.09,15.19,15.07,554703,396668288.0,0.79,-0.26,-0.04,0.25
2021-12-30,600019,15.12,15.07,15.17,15.03,661304,471547904.0,0.93,-0.13,-0.02,0.3
2021-12-31,600019,15.05,15.13,15.18,15.02,531063,378933968.0,1.06,0.4,0.06,0.24
2022-01-04,600019,15.11,15.22,15.3,15.08,914265,660337456.0,1.45,0.59,0.09,0.41
2022-01-05,600019,15.27,15.13,15.3,15.09,838165,603396832.0,1.38,-0.59,-0.09,0.38
2022-01-06,600019,15.13,15.42,15.49,15.09,1381881,1017316128.0,2.64,1.92,0.29,0.62
2022-01-07,600019,15.38,15.69,15.79,15.35,1612482,1225988064.0,2.85,1.75,0.27,0.73
2022-01-10,600019,15.78,15.67,15.84,15.56,939902,712979744.0,1.78,-0.13,-0.02,0.42
2022-01-11,600019,15.64,15.73,15.89,15.62,1109436,853056816.0,1.72,0.38,0.06,0.5
2022-01-12,600019,15.68,15.56,15.68,15.39,992474,741858848.0,1.84,-1.08,-0.17,0.45
2022-01-13,600019,15.56,15.5,15.72,15.46,607023,456756304.0,1.67,-0.39,-0.06,0.27
2022-01-14,600019,15.46,15.25,15.5,15.23,736755,537985072.0,1.74,-1.61,-0.25,0.33
2022-01-17,600019,15.2,15.33,15.36,15.16,705530,511694496.0,1.31,0.52,0.08,0.32
2022-01-18,600019,15.29,15.62,15.63,15.24,1100492,819489360.0,2.54,1.89,0.29,0.5
2022-01-19,600019,15.68,15.79,15.83,15.61,1530153,1171879600.0,1.41,1.09,0.17,0.69
2022-01-20,600019,15.74,15.88,15.97,15.7,1259858,976771264.0,1.71,0.57,0.09,0.57
2022-01-21,600019,15.8,15.55,15.83,15.5,1096294,826545808.0,2.08,-2.08,-0.33,0.49
2022-01-24,600019,15.47,15.62,15.68,15.38,695311,522421904.0,1.93,0.45,0.07,0.31
2022-01-25,600019,15.58,15.22,15.6,15.19,1051809,770954752.0,2.62,-2.56,-0.4,0.47
2022-01-26,600019,15.23,15.27,15.41,15.12,808482,587356672.0,1.91,0.33,0.05,0.36
2022-01-27,600019,15.2,15.22,15.36,15.14,696753,505877088.0,1.44,-0.33,-0.05,0.31
2022-01-28,600019,15.29,14.99,15.29,14.85,1171444,825023216.0,2.89,-1.51,-0.23,0.53
2022-02-07,600019,15.0,15.29,15.41,15.0,1186122,861844960.0,2.74,2.0,0.3,0.53
2022-02-08,600019,15.34,15.69,15.72,15.27,1521627,1133467360.0,2.94,2.62,0.4,0.69
2022-02-09,600019,15.67,15.69,15.74,15.56,896453,682293760.0,1.15,0.0,0.0,0.4
2022-02-10,600019,15.64,15.79,15.85,15.57,980385,752151424.0,1.78,0.64,0.1,0.44
2022-02-11,600019,15.79,15.75,16.06,15.72,1389082,1078667600.0,2.15,-0.25,-0.04,0.63
2022-02-14,600019,15.68,15.38,15.72,15.31,1014009,756089472.0,2.6,-2.35,-0.37,0.46
2022-02-15,600019,15.35,15.28,15.41,15.19,733539,534006544.0,1.43,-0.65,-0.1,0.33
2022-02-16,600019,15.3,15.5,15.61,15.29,1080214,805597856.0,2.09,1.44,0.22,0.49
2022-02-17,600019,15.5,15.41,15.58,15.38,686511,509750576.0,1.29,-0.58,-0.09,0.31
2022-02-18,600019,15.35,15.68,15.72,15.31,1320921,998110032.0,2.66,1.75,0.27,0.59
2022-02-21,600019,15.69,15.58,15.73,15.49,889991,667534000.0,1.53,-0.64,-0.1,0.4
2022-02-22,600019,15.5,15.41,15.56,15.33,825877,611168048.0,1.48,-1.09,-0.17,0.37
2022-02-23,600019,15.38,15.36,15.45,15.28,837133,613884288.0,1.1,-0.32,-0.05,0.38
2022-02-24,600019,15.3,15.08,15.31,14.95,1756240,1255366560.0,2.34,-1.82,-0.28,0.79
2022-02-25,600019,15.08,15.14,15.33,15.07,1007868,727236400.0,1.72,0.4,0.06,0.45
2022-02-28,600019,15.17,15.2,15.22,15.02,746186,535065520.0,1.32,0.4,0.06,0.34
2022-03-01,600019,15.24,15.29,15.45,15.18,798768,582702240.0,1.78,0.59,0.09,0.36
2022-03-02,600019,15.25,15.27,15.46,15.2,920242,672350144.0,1.7,-0.13,-0.02,0.41
2022-03-03,600019,15.35,15.55,15.56,15.28,2030119,1509843488.0,1.83,1.83,0.28,0.91
2022-03-04,600019,15.5,15.49,15.63,15.34,1098771,817337936.0,1.86,-0.39,-0.06,0.49
2022-03-07,600019,15.57,15.44,15.7,15.4,1707058,1283372432.0,1.94,-0.32,-0.05,0.77
2022-03-08,600019,15.46,15.24,15.49,15.16,1269174,928078656.0,2.14,-1.3,-0.2,0.57
2022-03-09,600019,15.25,15.09,15.28,14.69,1746858,1237412128.0,3.87,-0.98,-0.15,0.79
2022-03-10,600019,15.16,15.03,15.2,15.02,829854,590815104.0,1.19,-0.4,-0.06,0.37
2022-03-11,600019,14.97,14.83,14.97,14.63,1290376,884354096.0,2.26,-1.33,-0.2,0.58
2022-03-14,600019,14.69,14.58,14.85,14.58,800719,545671952.0,1.82,-1.69,-0.25,0.36
2022-03-15,600019,14.55,13.94,14.55,13.92,1472315,938617872.0,4.32,-4.39,-0.64,0.66
2022-03-16,600019,13.98,14.13,14.2,13.74,1262790,785326752.0,3.3,1.36,0.19,0.57
2022-03-17,600019,14.24,14.51,14.62,14.19,1495672,985137296.0,3.04,2.69,0.38,0.67
2022-03-18,600019,14.51,14.55,14.61,14.42,672863,448101504.0,1.31,0.28,0.04,0.3
2022-03-21,600019,14.62,14.48,14.63,14.4,797559,528116816.0,1.58,-0.48,-0.07,0.36
2022-03-22,600019,14.5,14.61,14.64,14.45,799527,536355728.0,1.31,0.9,0.13,0.36
2022-03-23,600019,14.57,14.52,14.62,14.42,655716,436368000.0,1.37,-0.62,-0.09,0.3
2022-03-24,600019,14.55,14.55,14.63,14.48,556382,372237120.0,1.03,0.21,0.03,0.25
2022-03-25,600019,14.56,14.46,14.57,14.45,501305,332903552.0,0.82,-0.62,-0.09,0.23
2022-03-28,600019,14.4,14.57,14.64,14.27,596041,395068112.0,2.56,0.76,0.11,0.27
2022-03-29,600019,14.53,14.47,14.58,14.45,608768,403693776.0,0.89,-0.69,-0.1,0.27
2022-03-30,600019,14.5,14.61,14.61,14.42,743350,495549712.0,1.31,0.97,0.14,0.33
2022-03-31,600019,14.56,14.63,14.73,14.55,793341,536320672.0,1.23,0.14,0.02,0.36
2022-04-01,600019,14.59,14.78,14.79,14.56,919179,626965696.0,1.57,1.03,0.15,0.41
2022-04-06,600019,14.81,15.24,15.28,14.77,1790606,1272562640.0,3.45,3.11,0.46,0.81
2022-04-07,600019,15.18,15.18,15.39,15.13,1608153,1168335312.0,1.71,-0.39,-0.06,0.72
2022-04-08,600019,15.16,15.31,15.36,15.12,1158507,840490816.0,1.58,0.86,0.13,0.52
2022-04-11,600019,15.2,15.11,15.27,15.03,857460,615104960.0,1.57,-1.31,-0.2,0.39
2022-04-12,600019,15.07,15.07,15.14,14.95,794801,563604656.0,1.26,-0.26,-0.04,0.36
2022-04-13,600019,15.06,15.12,15.33,15.0,827493,594986352.0,2.19,0.33,0.05,0.37
2022-04-14,600019,15.16,15.38,15.47,15.13,1308268,957319408.0,2.25,1.72,0.26,0.59
2022-04-15,600019,15.3,15.36,15.58,15.28,1177588,874725696.0,1.95,-0.13,-0.02,0.53
2022-04-18,600019,15.25,15.09,15.3,15.07,749273,538635712.0,1.5,-1.76,-0.27,0.34
2022-04-19,600019,15.08,15.23,15.3,15.05,790366,568368832.0,1.66,0.93,0.14,0.36
2022-04-20,600019,15.19,14.86,15.22,14.84,1005572,708440128.0,2.5,-2.43,-0.37,0.45
2022-04-21,600019,14.81,14.59,14.88,14.57,873591,594791344.0,2.09,-1.82,-0.27,0.39
2022-04-22,600019,14.57,14.72,14.73,14.45,648158,437170736.0,1.92,0.89,0.13,0.29
2022-04-25,600019,14.57,14.25,14.57,14.2,1039926,684991248.0,2.51,-3.19,-0.47,0.47
2022-04-26,600019,14.3,14.12,14.36,14.07,761425,487068160.0,2.04,-0.91,-0.13,0.34
2022-04-27,600019,14.03,14.24,14.28,13.91,1090630,687439232.0,2.62,0.85,0.12,0.49
2022-04-28,600019,14.18,14.11,14.22,13.98,1117689,704721632.0,1.69,-0.91,-0.13,0.5
2022-04-29,600019,14.0,14.28,14.31,13.96,1297839,823059648.0,2.48,1.2,0.17,0.58
2022-05-05,600019,14.27,14.12,14.29,14.09,1081566,687859408.0,1.4,-1.12,-0.16,0.49
2022-05-06,600019,13.96,13.83,13.96,13.77,919259,560863680.0,1.35,-2.05,-0.29,0.41
2022-05-09,600019,13.77,13.79,13.85,13.73,519787,314879840.0,0.87,-0.29,-0.04,0.23
2022-05-10,600019,13.74,13.69,13.74,13.56,1149506,682293264.0,1.31,-0.73,-0.1,0.52
2022-05-11,600019,13.67,13.77,13.89,13.66,1255215,758744848.0,1.68,0.58,0.08,0.57
2022-05-12,600019,13.72,13.7,13.79,13.62,822044,491981024.0,1.23,-0.51,-0.07,0.37
2022-05-13,600019,13.69,13.8,13.83,13.69,912555,551290704.0,1.02,0.73,0.1,0.41
2022-05-16,600019,13.87,13.97,14.0,13.81,1183416,727950112.0,1.38,1.23,0.17,0.53
2022-05-17,600019,13.97,13.98,14.01,13.91,862849,534879152.0,0.72,0.07,0.01,0.39
2022-05-18,600019,14.03,14.18,14.19,13.92,909654,574659952.0,1.93,1.43,0.2,0.41
2022-05-19,600019,14.06,14.13,14.14,14.0,563138,354405248.0,0.99,-0.35,-0.05,0.25
2022-05-20,600019,14.13,14.17,14.22,14.08,688315,437352256.0,0.99,0.28,0.04,0.31
2022-05-23,600019,14.17,14.3,14.42,14.16,886421,574489456.0,1.83,0.92,0.13,0.4
2022-05-24,600019,14.3,14.11,14.33,14.09,728715,467823392.0,1.68,-1.33,-0.19,0.33
2022-05-25,600019,14.09,14.12,14.23,14.08,507945,322227136.0,1.06,0.07,0.01,0.23
2022-05-26,600019,14.13,14.19,14.22,14.02,630823,399548848.0,1.42,0.5,0.07,0.28
2022-05-27,600019,14.2,14.17,14.27,14.09,586678,374627744.0,1.27,-0.14,-0.02,0.26
2022-05-30,600019,14.19,14.18,14.24,14.13,419455,267641964.0,0.78,0.07,0.01,0.19
2022-05-31,600019,14.18,14.2,14.2,14.09,520524,331712400.0,0.78,0.14,0.02,0.23
2022-06-01,600019,14.2,14.25,14.27,14.14,515434,329855904.0,0.92,0.35,0.05,0.23
2022-06-02,600019,14.2,14.33,14.36,14.19,567698,367954896.0,1.19,0.56,0.08,0.26
2022-06-06,600019,14.33,14.39,14.41,14.18,1037668,670128240.0,1.61,0.42,0.06,0.47
2022-06-07,600019,14.35,14.33,14.38,14.25,801301,519980352.0,0.9,-0.42,-0.06,0.36
2022-06-08,600019,14.35,14.47,14.48,14.3,920293,604253856.0,1.26,0.98,0.14,0.41
2022-06-09,600019,14.45,14.51,14.53,14.4,638435,422865536.0,0.9,0.28,0.04,0.29
2022-06-10,600019,14.46,14.55,14.57,14.39,700413,464395408.0,1.24,0.28,0.04,0.32
2022-06-13,600019,14.5,14.35,14.5,14.29,761540,497725424.0,1.44,-1.37,-0.2,0.35
2022-06-14,600019,14.27,14.48,14.51,14.23,740146,485138656.0,1.95,0.91,0.13,0.34
2022-06-15,600019,14.47,14.55,14.67,14.46,833793,560300224.0,1.45,0.48,0.07,0.38
2022-06-16,600019,14.55,14.4,14.63,14.39,669325,444179472.0,1.65,-1.03,-0.15,0.31
2022-06-17,600019,14.35,14.24,14.35,14.19,1011031,651320944.0,1.11,-1.11,-0.16,0.46
2022-06-20,600019,14.23,14.22,14.28,14.08,885364,566009344.0,1.4,-0.14,-0.02,0.41
2022-06-21,600019,14.2,14.12,14.24,14.06,955947,606530160.0,1.27,-0.7,-0.1,0.44
2022-06-22,600019,14.11,14.0,14.13,14.0,744815,468056256.0,0.92,-0.85,-0.12,0.34
2022-06-23,600019,14.0,14.05,14.06,13.97,511642,319354832.0,0.64,0.36,0.05,0.23
2022-06-24,600019,14.08,14.06,14.08,14.0,736250,461520144.0,0.57,0.07,0.01,0.34
2022-06-27,600019,14.06,13.98,14.08,13.97,1117012,697417312.0,0.78,-0.57,-0.08,0.51
2022-06-28,600019,14.01,14.02,14.03,13.95,678373,422188160.0,0.57,0.29,0.04,0.31
2022-06-29,600019,14.05,14.0,14.11,14.0,959277,601905920.0,0.78,-0.14,-0.02,0.44
2022-06-30,600019,14.07,14.05,14.09,14.0,643812,387818688.0,0.64,0.36,0.05,0.29
2022-07-01,600019,14.07,14.24,14.25,14.01,995833,608824656.0,1.71,1.35,0.19,0.46
2022-07-04,600019,14.18,14.23,14.28,14.16,626148,385750752.0,0.84,-0.07,-0.01,0.29
2022-07-05,600019,14.24,14.45,14.56,14.23,1261429,798962528.0,2.32,1.55,0.22,0.58
2022-07-06,600019,14.41,14.3,14.44,14.28,756629,473107712.0,1.11,-1.04,-0.15,0.35
2022-07-07,600019,14.33,14.27,14.35,14.24,453253,282012976.0,0.77,-0.21,-0.03,0.21
2022-07-08,600019,14.28,14.25,14.33,14.18,377599,233919023.0,1.05,-0.14,-0.02,0.17
2022-07-11,600019,14.22,14.08,14.23,14.07,636342,386174224.0,1.12,-1.19,-0.17,0.29
2022-07-12,600019,14.08,14.13,14.24,14.07,671554,410664879.0,1.21,0.36,0.05,0.31
2022-07-13,600019,14.16,14.11,14.16,14.08,435512,264264819.0,0.57,-0.14,-0.02,0.2
2022-07-14,600019,14.11,13.94,14.11,13.92,777531,463660442.0,1.35,-1.2,-0.17,0.36
2022-07-15,600019,13.9,13.7,13.91,13.69,778941,452978935.0,1.58,-1.72,-0.24,0.36
2022-07-18,600019,13.69,13.8,13.83,13.66,714240,412721123.0,1.24,0.73,0.1,0.33
2022-07-19,600019,13.8,13.73,13.84,13.69,761725,440162116.0,1.09,-0.51,-0.07,0.35
2022-07-20,600019,13.75,13.7,13.8,13.68,697020,400865848.0,0.87,-0.22,-0.03,0.32
2022-07-21,600019,13.69,13.55,13.69,13.53,1140771,643989758.0,1.17,-1.09,-0.15,0.52
2022-07-22,600019,13.56,13.45,13.56,13.39,981031,543927899.0,1.25,-0.74,-0.1,0.45
2022-07-25,600019,13.44,13.37,13.45,13.35,440646,242233522.0,0.74,-0.59,-0.08,0.2
2022-07-26,600019,13.39,13.46,13.48,13.37,553989,306117403.0,0.82,0.67,0.09,0.25
2022-07-27,600019,13.46,13.56,13.58,13.41,555103,310005872.0,1.26,0.74,0.1,0.25
2022-07-28,600019,13.59,13.61,13.61,13.56,496245,280066825.0,0.37,0.37,0.05,0.23
2022-07-29,600019,13.61,13.62,13.7,13.58,651405,370546115.0,0.88,0.07,0.01,0.3
2022-08-01,600019,13.62,13.51,13.64,13.48,497256,278454475.0,1.17,-0.81,-0.11,0.23
2022-08-02,600019,13.46,13.37,13.46,13.26,836666,456104439.0,1.48,-1.04,-0.14,0.38
2022-08-03,600019,13.35,13.05,13.42,13.02,1751552,930884339.0,2.99,-2.39,-0.32,0.8
2022-08-04,600019,13.05,13.07,13.09,12.96,964295,499223533.0,1.0,0.15,0.02,0.44
2022-08-05,600019,13.06,13.13,13.16,13.01,685169,357771587.0,1.15,0.46,0.06,0.31
2022-08-08,600019,13.11,13.23,13.25,13.11,544187,289932595.0,1.07,0.76,0.1,0.25
2022-08-09,600019,13.24,13.22,13.26,13.19,416703,222869887.0,0.53,-0.08,-0.01,0.19
2022-08-10,600019,13.22,13.13,13.25,13.12,563399,298566196.0,0.98,-0.68,-0.09,0.26
2022-08-11,600019,13.18,13.25,13.26,13.16,581675,311007176.0,0.76,0.91,0.12,0.27
2022-08-12,600019,13.25,13.26,13.3,13.23,509063,274179056.0,0.53,0.08,0.01,0.23
2022-08-15,600019,13.26,13.25,13.31,13.22,400790,215624848.0,0.68,-0.08,-0.01,0.18
2022-08-16,600019,13.25,13.24,13.28,13.2,355389,190289950.0,0.6,-0.08,-0.01,0.16
2022-08-17,600019,13.24,13.25,13.28,13.14,478115,255122254.0,1.06,0.08,0.01,0.22
2022-08-18,600019,13.23,13.18,13.24,13.16,395073,210034892.0,0.6,-0.53,-0.07,0.18
2022-08-19,600019,13.18,13.23,13.28,13.16,566981,303705215.0,0.91,0.38,0.05,0.26
2022-08-22,600019,13.23,13.25,13.26,13.19,374774,200709408.0,0.53,0.15,0.02,0.17
2022-08-23,600019,13.23,13.19,13.24,13.17,380454,202347059.0,0.53,-0.45,-0.06,0.17
2022-08-24,600019,13.22,13.13,13.3,13.12,604651,322357638.0,1.36,-0.45,-0.06,0.28
2022-08-25,600019,13.17,13.25,13.25,13.11,428685,227879223.0,1.07,0.91,0.12,0.2
2022-08-26,600019,13.26,13.2,13.29,13.19,366196,195893751.0,0.75,-0.38,-0.05,0.17
2022-08-29,600019,13.2,13.29,13.3,13.09,684473,366273806.0,1.59,0.68,0.09,0.31
2022-08-30,600019,13.26,13.24,13.35,13.22,490826,263981763.0,0.98,-0.38,-0.05,0.22
2022-08-31,600019,13.23,13.2,13.26,13.18,568511,303359301.0,0.6,-0.3,-0.04,0.26
2022-09-01,600019,13.19,13.2,13.26,13.18,474533,254099870.0,0.61,0.0,0.0,0.22
2022-09-02,600019,13.22,13.13,13.23,13.12,457151,242236454.0,0.83,-0.53,-0.07,0.21
2022-09-05,600019,13.13,13.29,13.29,13.12,648242,346925486.0,1.29,1.22,0.16,0.3
2022-09-06,600019,13.31,13.33,13.37,13.28,494143,268165348.0,0.68,0.3,0.04,0.23
2022-09-07,600019,13.33,13.34,13.35,13.25,417923,226880855.0,0.75,0.08,0.01,0.19
2022-09-08,600019,13.35,13.41,13.46,13.31,584242,320578259.0,1.12,0.52,0.07,0.27
2022-09-09,600019,13.42,13.5,13.51,13.4,583596,323708258.0,0.82,0.67,0.09,0.27
2022-09-13,600019,13.51,13.44,13.52,13.42,536175,297260837.0,0.74,-0.44,-0.06,0.24
2022-09-14,600019,13.39,13.41,13.45,13.34,413847,226959165.0,0.82,-0.22,-0.03,0.19
2022-09-15,600019,13.41,13.56,13.56,13.41,1000317,558814624.0,1.12,1.12,0.15,0.46
2022-09-16,600019,13.56,13.34,13.56,13.33,896622,494997316.0,1.7,-1.62,-0.22,0.41
2022-09-19,600019,13.3,13.33,13.37,13.23,585212,317241969.0,1.05,-0.07,-0.01,0.27
2022-09-20,600019,13.33,13.25,13.37,13.22,486989,262262176.0,1.13,-0.6,-0.08,0.22
2022-09-21,600019,13.25,13.41,13.42,13.17,529653,286848854.0,1.89,1.21,0.16,0.24
2022-09-22,600019,13.37,13.26,13.41,13.25,421212,228223662.0,1.19,-1.12,-0.15,0.19
2022-09-23,600019,13.26,13.29,13.41,13.25,432242,234593618.0,1.21,0.23,0.03,0.2
2022-09-26,600019,13.25,13.02,13.25,13.01,944146,496099539.0,1.81,-2.03,-0.27,0.43
2022-09-27,600019,13.02,13.19,13.2,12.98,552629,289692405.0,1.69,1.31,0.17,0.25
2022-09-28,600019,13.17,13.09,13.19,13.07,542204,284993576.0,0.91,-0.76,-0.1,0.25
2022-09-29,600019,13.13,13.02,13.18,13.01,593598,309403158.0,1.3,-0.53,-0.07,0.27
2022-09-30,600019,13.02,13.12,13.16,13.02,470845,247883084.0,1.08,0.77,0.1,0.22
2022-10-10,600019,13.12,13.08,13.19,13.06,595404,312839911.0,0.99,-0.3,-0.04,0.27
2022-10-11,600019,13.09,13.07,13.12,13.05,454838,237597010.0,0.54,-0.08,-0.01,0.21
2022-10-12,600019,13.08,13.11,13.12,13.0,476974,248191589.0,0.92,0.31,0.04,0.22
2022-10-13,600019,13.17,13.18,13.24,13.12,516495,265275983.0,0.92,0.53,0.07,0.24
2022-10-14,600019,13.22,13.34,13.36,13.19,580165,303632215.0,1.29,1.21,0.16,0.27
2022-10-17,600019,13.35,13.45,13.47,13.31,475208,252777828.0,1.2,0.82,0.11,0.22
2022-10-18,600019,13.48,13.41,13.48,13.34,447975,238422713.0,1.04,-0.3,-0.04,0.2
2022-10-19,600019,13.44,13.33,13.45,13.29,284630,150159703.0,1.19,-0.6,-0.08,0.13
2022-10-20,600019,13.3,13.33,13.39,13.24,417990,219389445.0,1.13,0.0,0.0,0.19
2022-10-21,600019,13.35,13.36,13.4,13.33,308814,163260066.0,0.53,0.23,0.03,0.14
2022-10-24,600019,13.4,13.23,13.4,13.2,473726,246991527.0,1.5,-0.97,-0.13,0.22
2022-10-25,600019,13.2,13.24,13.3,13.18,459726,237723576.0,0.91,0.08,0.01,0.21
2022-10-26,600019,13.17,13.11,13.25,13.09,747765,382879465.0,1.21,-0.98,-0.13,0.34
2022-10-27,600019,13.12,13.11,13.16,13.11,368159,187172292.0,0.38,0.0,0.0,0.17
2022-10-28,600019,13.11,12.96,13.12,12.92,999408,496407287.0,1.53,-1.14,-0.15,0.46
2022-10-31,600019,12.94,12.79,12.95,12.75,784974,378090124.0,1.54,-1.31,-0.17,0.36
2022-11-01,600019,12.78,12.87,12.89,12.76,479055,232015073.0,1.02,0.63,0.08,0.22
2022-11-02,600019,12.87,12.89,12.94,12.84,349136,170775941.0,0.78,0.16,0.02,0.16
2022-11-03,600019,12.84,12.87,12.89,12.81,386117,187629531.0,0.62,-0.16,-0.02,0.18
2022-11-04,600019,12.85,12.96,13.0,12.85,457937,226185192.0,1.17,0.7,0.09,0.21
2022-11-07,600019,12.96,13.05,13.11,12.94,553031,277619687.0,1.31,0.69,0.09,0.25
2022-11-08,600019,13.06,13.07,13.08,13.01,369690,185543959.0,0.54,0.15,0.02,0.17
2022-11-09,600019,13.07,13.16,13.17,13.06,576822,293841162.0,0.84,0.69,0.09,0.26
2022-11-10,600019,13.12,13.17,13.19,13.07,397662,202666583.0,0.91,0.08,0.01,0.18
2022-11-11,600019,13.24,13.31,13.35,13.22,802816,418322858.0,0.99,1.06,0.14,0.37
2022-11-14,600019,13.37,13.41,13.48,13.35,979715,521830335.0,0.98,0.75,0.1,0.45
2022-11-15,600019,13.39,13.47,13.51,13.36,766320,410771119.0,1.12,0.45,0.06,0.35
2022-11-16,600019,13.48,13.45,13.52,13.41,488011,261469169.0,0.82,-0.15,-0.02,0.22
2022-11-17,600019,13.44,13.41,13.46,13.36,576486,306065922.0,0.74,-0.3,-0.04,0.26
2022-11-18,600019,13.41,13.41,13.47,13.4,436805,233315744.0,0.52,0.0,0.0,0.2
2022-11-21,600019,13.4,13.33,13.4,13.29,483703,253807683.0,0.82,-0.6,-0.08,0.22
2022-11-22,600019,13.34,13.5,13.62,13.3,723891,388768082.0,2.4,1.28,0.17,0.33
2022-11-23,600019,13.5,13.59,13.67,13.48,670428,366300591.0,1.41,0.67,0.09,0.31
2022-11-24,600019,13.63,13.59,13.67,13.52,316979,173262280.0,1.1,0.0,0.0,0.14
2022-11-25,600019,13.58,13.72,13.73,13.56,533508,295748999.0,1.25,0.96,0.13,0.24
2022-11-28,600019,13.66,13.62,13.66,13.52,427232,233711486.0,1.02,-0.73,-0.1,0.2
2022-11-29,600019,13.68,13.81,13.85,13.63,837255,469722537.0,1.62,1.4,0.19,0.38
2022-11-30,600019,13.8,13.8,13.85,13.77,562110,317638172.0,0.58,-0.07,-0.01,0.26
2022-12-01,600019,13.84,13.77,13.9,13.75,524335,296128299.0,1.09,-0.22,-0.03,0.24
2022-12-02,600019,13.77,13.74,13.83,13.74,483434,271965832.0,0.65,-0.22,-0.03,0.22
2022-12-05,600019,13.79,14.13,14.25,13.78,1605596,941820028.0,3.42,2.84,0.39,0.73
2022-12-06,600019,14.14,14.19,14.22,14.06,882457,522761893.0,1.13,0.42,0.06,0.4
2022-12-07,600019,14.19,14.01,14.2,13.97,711834,415867595.0,1.62,-1.27,-0.18,0.33
2022-12-08,600019,14.01,14.01,14.06,13.96,376791,218970049.0,0.71,0.0,0.0,0.17
2022-12-09,600019,14.05,14.09,14.2,13.96,865469,509625893.0,1.71,0.57,0.08,0.4
2022-12-12,600019,14.12,13.95,14.13,13.91,755313,439169176.0,1.56,-0.99,-0.14,0.35
2022-12-13,600019,13.96,14.01,14.08,13.96,432062,251561969.0,0.86,0.43,0.06,0.2
2022-12-14,600019,13.98,13.96,14.06,13.83,601154,344811937.0,1.64,-0.36,-0.05,0.27
2022-12-15,600019,13.94,13.83,13.95,13.81,422387,239723504.0,1.0,-0.93,-0.13,0.19
2022-12-16,600019,13.78,14.05,14.17,13.78,1108489,647060746.0,2.82,1.59,0.22,0.51
2022-12-19,600019,14.05,13.86,14.06,13.85,419960,241733448.0,1.49,-1.35,-0.19,0.19
2022-12-20,600019,13.83,13.83,13.96,13.79,294185,167268727.0,1.23,-0.22,-0.03,0.13
2022-12-21,600019,13.83,13.86,13.94,13.81,223675,127281607.0,0.94,0.22,0.03,0.1
2022-12-22,600019,14.0,13.79,14.12,13.74,636349,364406487.0,2.74,-0.51,-0.07,0.29
2022-12-23,600019,13.74,13.83,13.84,13.64,281990,158055062.0,1.45,0.29,0.04,0.13
2022-12-26,600019,13.8,13.68,13.8,13.64,366420,203221327.0,1.16,-1.08,-0.15,0.17
2022-12-27,600019,13.7,13.75,13.84,13.69,329442,185118785.0,1.1,0.51,0.07,0.15
2022-12-28,600019,13.81,13.79,13.85,13.75,318845,179787366.0,0.73,0.29,0.04,0.15
2022-12-29,600019,13.75,13.75,13.83,13.7,235643,132153801.0,0.94,-0.29,-0.04,0.11
2022-12-30,600019,13.81,13.74,13.81,13.72,226294,126690768.0,0.65,-0.07,-0.01,0.1
2023-01-03,600019,13.73,13.75,13.77,13.66,297081,165754062.0,0.8,0.07,0.01,0.14
2023-01-04,600019,13.73,13.81,13.87,13.73,314724,178048462.0,1.02,0.44,0.06,0.14
2023-01-05,600019,13.84,13.95,13.97,13.83,486417,279175510.0,1.01,1.01,0.14,0.22
2023-01-06,600019,13.97,14.12,14.18,13.95,739532,435268974.0,1.65,1.22,0.17,0.34
2023-01-09,600019,14.14,14.11,14.19,14.06,367909,217071233.0,0.92,-0.07,-0.01,0.17
2023-01-10,600019,14.11,14.03,14.13,14.0,335709,196655101.0,0.92,-0.57,-0.08,0.15
2023-01-11,600019,14.06,14.09,14.14,14.01,365920,215016453.0,0.93,0.43,0.06,0.17
2023-01-12,600019,14.09,14.16,14.22,14.05,426603,252524847.0,1.21,0.5,0.07,0.19
2023-01-13,600019,14.18,14.22,14.23,14.12,445310,265285554.0,0.78,0.42,0.06,0.2
2023-01-16,600019,14.24,14.39,14.44,14.22,775487,471113784.0,1.55,1.2,0.17,0.35
2023-01-17,600019,14.39,14.33,14.41,14.27,408320,247900496.0,0.97,-0.42,-0.06,0.19
2023-01-18,600019,14.35,14.35,14.36,14.29,297304,180577969.0,0.49,0.14,0.02,0.14
2023-01-19,600019,14.36,14.34,14.38,14.29,272561,165294897.0,0.63,-0.07,-0.01,0.12
2023-01-20,600019,14.35,14.4,14.41,14.3,503770,307315954.0,0.77,0.42,0.06,0.23
2023-01-30,600019,14.44,14.4,14.5,14.4,502589,310033162.0,0.69,0.0,0.0,0.23
2023-01-31,600019,14.41,14.46,14.48,14.39,370639,228715350.0,0.63,0.42,0.06,0.17
2023-02-01,600019,14.47,14.61,14.66,14.45,561318,352030356.0,1.45,1.04,0.15,0.26
2023-02-02,600019,14.61,14.59,14.66,14.53,381151,239507554.0,0.89,-0.14,-0.02,0.17
2023-02-03,600019,14.57,14.38,14.57,14.27,858328,523497997.0,2.06,-1.44,-0.21,0.39
2023-02-06,600019,14.33,14.29,14.33,14.24,386622,233692438.0,0.63,-0.63,-0.09,0.18
2023-02-07,600019,14.33,14.36,14.4,14.3,337087,205562409.0,0.7,0.49,0.07,0.15
2023-02-08,600019,14.4,14.31,14.4,14.3,232058,141365167.0,0.7,-0.35,-0.05,0.11
2023-02-09,600019,14.31,14.34,14.38,14.29,213709,129864411.0,0.63,0.21,0.03,0.1
2023-02-10,600019,14.35,14.33,14.4,14.31,231527,140913403.0,0.63,-0.07,-0.01,0.11
2023-02-13,600019,14.36,14.38,14.42,14.3,341757,208639745.0,0.84,0.35,0.05,0.16
2023-02-14,600019,14.41,14.52,14.52,14.39,435359,269690136.0,0.9,0.97,0.14,0.2
2023-02-15,600019,14.53,14.5,14.57,14.47,328784,204453810.0,0.69,-0.14,-0.02,0.15
2023-02-16,600019,14.51,14.48,14.59,14.41,461677,288076465.0,1.24,-0.14,-0.02,0.21
2023-02-17,600019,14.46,14.42,14.53,14.42,284076,176030680.0,0.76,-0.41,-0.06,0.13
2023-02-20,600019,14.42,14.75,14.75,14.42,1205654,766786408.0,2.29,2.29,0.33,0.55
2023-02-21,600019,14.79,15.01,15.12,14.77,1277001,846615630.0,2.37,1.76,0.26,0.58
2023-02-22,600019,14.99,15.01,15.11,14.95,449630,298342059.0,1.07,0.0,0.0,0.21
2023-02-23,600019,15.01,15.01,15.07,14.97,379049,251634650.0,0.67,0.0,0.0,0.17
2023-02-24,600019,15.01,15.12,15.19,15.01,834147,559522060.0,1.2,0.73,0.11,0.38
2023-02-27,600019,15.07,15.02,15.14,14.94,546350,364062994.0,1.32,-0.66,-0.1,0.25
2023-02-28,600019,15.0,14.95,15.02,14.9,577323,379818860.0,0.8,-0.47,-0.07,0.26
2023-03-01,600019,15.0,15.0,15.01,14.92,405096,267677119.0,0.6,0.33,0.05,0.19
2023-03-02,600019,15.0,15.13,15.24,14.94,643906,433808199.0,2.0,0.87,0.13,0.29
2023-03-03,600019,15.16,15.22,15.23,15.05,475225,321867507.0,1.19,0.59,0.09,0.22
2023-03-06,600019,15.24,15.07,15.24,15.01,606772,406374860.0,1.51,-0.99,-0.15,0.28
2023-03-07,600019,15.06,15.11,15.28,15.06,751044,508522754.0,1.46,0.27,0.04,0.34
2023-03-08,600019,15.07,15.08,15.17,14.99,490277,327267012.0,1.19,-0.2,-0.03,0.22
2023-03-09,600019,15.08,15.0,15.12,14.97,386174,256388327.0,0.99,-0.53,-0.08,0.18
2023-03-10,600019,14.96,14.78,14.99,14.78,794705,516712280.0,1.4,-1.47,-0.22,0.36
2023-03-13,600019,14.84,14.94,14.96,14.8,534920,349377238.0,1.08,1.08,0.16,0.24
2023-03-14,600019,14.94,14.88,15.12,14.86,669787,441340385.0,1.74,-0.4,-0.06,0.31
2023-03-15,600019,14.91,15.13,15.19,14.84,844373,562874024.0,2.35,1.68,0.25,0.39
2023-03-16,600019,15.08,14.85,15.11,14.83,674065,443405939.0,1.85,-1.85,-0.28,0.31
2023-03-17,600019,14.91,15.0,15.13,14.88,787282,521393769.0,1.68,1.01,0.15,0.36
2023-03-20,600019,15.02,14.85,15.09,14.81,531735,349805195.0,1.87,-1.0,-0.15,0.24
2023-03-21,600019,14.91,14.68,14.92,14.62,634492,404265079.0,2.02,-1.14,-0.17,0.29
2023-03-22,600019,14.69,14.73,14.78,14.62,427008,272972103.0,1.09,0.34,0.05,0.2
2023-03-23,600019,14.67,14.74,14.77,14.62,284679,181485157.0,1.02,0.07,0.01,0.13
2023-03-24,600019,14.74,14.66,14.74,14.61,365347,231509664.0,0.88,-0.54,-0.08,0.17
2023-03-27,600019,14.67,14.58,14.67,14.55,360294,226711121.0,0.82,-0.55,-0.08,0.16
2023-03-28,600019,14.58,14.57,14.7,14.53,349381,219170252.0,1.17,-0.07,-0.01,0.16
2023-03-29,600019,14.59,14.47,14.59,14.42,436803,271044108.0,1.17,-0.69,-0.1,0.2
2023-03-30,600019,14.5,14.61,14.62,14.46,300088,187604333.0,1.11,0.97,0.14,0.14
2023-03-31,600019,14.58,14.53,14.64,14.5,502527,314741854.0,0.96,-0.55,-0.08,0.23
2023-04-03,600019,14.5,14.58,14.61,14.5,372270,232869492.0,0.76,0.34,0.05,0.17
2023-04-04,600019,14.56,14.79,14.86,14.56,509046,326444103.0,2.06,1.44,0.21,0.23
2023-04-06,600019,14.77,14.84,14.88,14.75,291283,188692325.0,0.88,0.34,0.05,0.13
2023-04-07,600019,14.89,14.89,14.9,14.78,320277,208457416.0,0.81,0.34,0.05,0.15
2023-04-10,600019,14.84,14.94,15.06,14.83,404010,266912001.0,1.54,0.34,0.05,0.18
2023-04-11,600019,14.99,15.03,15.06,14.88,589829,390133548.0,1.2,0.6,0.09,0.27
2023-04-12,600019,15.05,15.39,15.44,15.02,1196168,820180526.0,2.79,2.4,0.36,0.55
2023-04-13,600019,15.35,15.3,15.52,15.25,620360,429573705.0,1.75,-0.58,-0.09,0.28
2023-04-14,600019,15.34,15.33,15.39,15.25,324499,223268974.0,0.92,0.2,0.03,0.15
2023-04-17,600019,15.33,15.5,15.56,15.28,826636,578996986.0,1.83,1.11,0.17,0.38
2023-04-18,600019,15.5,15.42,15.53,15.36,398273,277857332.0,1.1,-0.52,-0.08,0.18
2023-04-19,600019,15.45,15.56,15.64,15.41,851491,604507458.0,1.49,0.91,0.14,0.39
2023-04-20,600019,15.61,15.5,15.61,15.33,659203,460834893.0,1.8,-0.39,-0.06,0.3
2023-04-21,600019,15.52,15.31,15.56,15.3,512598,356692682.0,1.68,-1.23,-0.19,0.23
2023-04-24,600019,15.3,15.16,15.31,15.09,612800,415540860.0,1.44,-0.98,-0.15,0.28
2023-04-25,600019,15.22,15.05,15.25,14.99,579048,386977062.0,1.72,-0.73,-0.11,0.26
2023-04-26,600019,15.05,14.94,15.09,14.85,674135,443981353.0,1.59,-0.73,-0.11,0.31
2023-04-27,600019,14.95,14.92,14.99,14.8,478851,313978820.0,1.27,-0.13,-0.02,0.22
2023-04-28,600019,14.81,14.78,14.85,14.67,1091926,703235663.0,1.21,-0.94,-0.14,0.5
2023-05-04,600019,14.92,15.02,15.22,14.83,1337482,891235985.0,2.64,1.62,0.24,0.61
2023-05-05,600019,14.99,15.0,15.23,14.95,987859,658814863.0,1.86,-0.13,-0.02,0.45
2023-05-08,600019,15.01,15.31,15.34,14.99,1123851,765627041.0,2.33,2.07,0.31,0.51
2023-05-09,600019,15.39,15.51,15.83,15.39,1808540,1292026177.0,2.87,1.31,0.2,0.83
2023-05-10,600019,15.47,15.23,15.58,15.19,1076313,743079472.0,2.51,-1.81,-0.28,0.49
2023-05-11,600019,15.25,15.13,15.29,15.09,615024,415525196.0,1.31,-0.66,-0.1,0.28
2023-05-12,600019,15.12,14.86,15.13,14.85,693289,455967124.0,1.85,-1.78,-0.27,0.32
2023-05-15,600019,14.86,14.74,14.9,14.58,1043562,664965041.0,2.15,-0.81,-0.12,0.48
2023-05-16,600019,14.72,14.58,14.81,14.57,663954,421442327.0,1.63,-1.09,-0.16,0.3
2023-05-17,600019,14.57,14.48,14.64,14.47,627621,392013936.0,1.17,-0.69,-0.1,0.29
2023-05-18,600019,14.55,14.52,14.62,14.45,581625,363247401.0,1.17,0.28,0.04,0.27
2023-05-19,600019,14.48,14.53,14.61,14.41,675161,420881440.0,1.38,0.07,0.01,0.31
2023-05-22,600019,14.53,14.57,14.61,14.51,539468,337974285.0,0.69,0.28,0.04,0.25
2023-05-23,600019,14.56,14.36,14.57,14.36,592432,365349067.0,1.44,-1.44,-0.21,0.27
2023-05-24,600019,14.35,14.23,14.35,14.2,607710,365756296.0,1.04,-0.91,-0.13,0.28
2023-05-25,600019,14.19,14.23,14.27,14.13,426241,254707813.0,0.98,0.0,0.0,0.2
2023-05-26,600019,14.23,14.33,14.34,14.16,324097,194924207.0,1.26,0.7,0.1,0.15
2023-05-29,600019,14.33,14.28,14.38,14.2,590093,355987476.0,1.26,-0.35,-0.05,0.27
2023-05-30,600019,14.28,14.22,14.34,14.12,645641,385876726.0,1.54,-0.42,-0.06,0.3
2023-05-31,600019,14.14,14.09,14.18,14.07,640060,377516731.0,0.77,-0.91,-0.13,0.29
2023-06-01,600019,14.08,14.06,14.17,14.05,737518,433288564.0,0.85,-0.21,-0.03,0.34
2023-06-02,600019,14.06,14.17,14.18,14.03,829612,488653621.0,1.07,0.78,0.11,0.38
2023-06-05,600019,14.17,14.18,14.27,14.16,512059,305910824.0,0.78,0.07,0.01,0.23
2023-06-06,600019,14.19,14.12,14.22,14.08,798936,473642091.0,0.99,-0.42,-0.06,0.37
2023-06-07,600019,14.17,14.11,14.19,14.08,385333,227987485.0,0.78,-0.07,-0.01,0.18
2023-06-08,600019,14.12,14.18,14.18,14.01,710124,418387139.0,1.2,0.5,0.07,0.32
2023-06-09,600019,14.19,14.13,14.2,14.11,627991,371582602.0,0.63,-0.35,-0.05,0.29
2023-06-12,600019,14.14,14.07,14.16,14.07,638201,375396005.0,0.64,-0.42,-0.06,0.29
2023-06-13,600019,14.07,14.02,14.11,13.98,591875,344291459.0,0.92,-0.36,-0.05,0.27
2023-06-14,600019,14.06,14.03,14.14,14.02,520646,300301826.0,0.86,0.07,0.01,0.24
2023-06-15,600019,14.08,14.03,14.09,13.94,592560,337669198.0,1.07,0.0,0.0,0.27
2023-06-16,600019,14.03,14.14,14.16,14.03,597062,346722246.0,0.93,0.78,0.11,0.27
2023-06-19,600019,14.13,13.97,14.14,13.96,639719,366702740.0,1.27,-1.2,-0.17,0.29
2023-06-20,600019,13.97,13.86,13.98,13.81,816421,457819262.0,1.22,-0.79,-0.11,0.37
2023-06-21,600019,13.85,13.79,13.9,13.79,509964,283735066.0,0.79,-0.51,-0.07,0.23
2023-06-26,600019,13.79,13.75,13.85,13.7,588120,324140422.0,1.09,-0.29,-0.04,0.27
2023-06-27,600019,13.77,13.9,13.92,13.73,631864,352519222.0,1.38,1.09,0.15,0.29
2023-06-28,600019,13.9,13.94,13.94,13.84,362199,203287260.0,0.72,0.29,0.04,0.17
2023-06-29,600019,13.91,13.9,13.94,13.86,364839,205226592.0,0.57,-0.29,-0.04,0.17
2023-06-30,600019,13.91,13.9,13.96,13.87,483744,272691819.0,0.65,0.0,0.0,0.22
2023-07-03,600019,13.9,14.06,14.11,13.89,497011,284620407.0,1.58,1.15,0.16,0.23
2023-07-04,600019,14.06,14.02,14.09,14.0,312397,178975189.0,0.64,-0.28,-0.04,0.14
2023-07-05,600019,14.02,14.03,14.06,14.0,261876,149991792.0,0.43,0.07,0.01,0.12
2023-07-06,600019,14.02,13.97,14.03,13.96,214529,122191754.0,0.5,-0.43,-0.06,0.1
2023-07-07,600019,13.95,14.01,14.05,13.94,252646,144055470.0,0.79,0.29,0.04,0.12
2023-07-10,600019,14.02,13.98,14.08,13.96,270692,154403663.0,0.86,-0.21,-0.03,0.12
2023-07-11,600019,13.97,14.01,14.06,13.97,239438,136771900.0,0.64,0.21,0.03,0.11
2023-07-12,600019,14.01,13.95,14.02,13.92,247709,140850152.0,0.71,-0.43,-0.06,0.11
2023-07-13,600019,13.97,14.05,14.08,13.96,373648,214347904.0,0.86,0.72,0.1,0.17
2023-07-14,600019,14.03,14.08,14.14,14.03,423199,244812532.0,0.78,0.21,0.03,0.19
2023-07-17,600019,14.08,14.05,14.09,14.01,218082,124999637.0,0.57,-0.21,-0.03,0.1
2023-07-18,600019,14.06,14.01,14.06,13.97,269017,153551447.0,0.64,-0.28,-0.04,0.12
2023-07-19,600019,14.0,14.05,14.06,13.97,284700,162813999.0,0.64,0.29,0.04,0.13
2023-07-20,600019,14.05,14.07,14.12,14.03,497585,287068776.0,0.64,0.14,0.02,0.23
2023-07-21,600019,14.08,14.07,14.09,14.01,329567,189366037.0,0.57,0.0,0.0,0.15
2023-07-24,600019,14.06,14.07,14.13,14.03,264207,152253102.0,0.71,0.0,0.0,0.12
2023-07-25,600019,14.16,14.47,14.5,14.16,1699026,1026227600.0,2.42,2.84,0.4,0.78
2023-07-26,600019,14.46,14.48,14.66,14.39,874606,533021582.0,1.87,0.07,0.01,0.4
2023-07-27,600019,14.48,14.72,14.9,14.47,2046658,1293376501.0,2.97,1.66,0.24,0.94
2023-07-28,600019,14.7,14.95,15.01,14.68,1341725,864996757.0,2.24,1.56,0.23,0.61
2023-07-31,600019,14.95,14.88,15.09,14.83,1266276,818458988.0,1.74,-0.47,-0.07,0.58
2023-08-01,600019,14.89,14.94,15.03,14.83,1067746,689697900.0,1.34,0.4,0.06,0.49
2023-08-02,600019,14.86,14.97,15.02,14.8,882076,569520403.0,1.47,0.2,0.03,0.4
2023-08-03,600019,14.91,15.02,15.03,14.88,650008,421406689.0,1.0,0.33,0.05,0.3
2023-08-04,600019,15.06,15.0,15.23,14.97,781573,514442177.0,1.73,-0.13,-0.02,0.36
2023-08-07,600019,14.97,14.85,14.97,14.77,748751,478650687.0,1.33,-1.0,-0.15,0.34
2023-08-08,600019,14.85,14.8,14.9,14.79,365562,233365636.0,0.74,-0.34,-0.05,0.17
2023-08-09,600019,14.84,14.81,14.89,14.77,438357,279668189.0,0.81,0.07,0.01,0.2
2023-08-10,600019,14.8,14.88,14.9,14.79,329344,210853919.0,0.74,0.47,0.07,0.15
2023-08-11,600019,14.9,14.72,14.91,14.68,474625,300203371.0,1.55,-1.08,-0.16,0.22
2023-08-14,600019,14.66,14.69,14.74,14.56,463030,288888480.0,1.22,-0.2,-0.03,0.21
2023-08-15,600019,14.72,14.72,14.78,14.64,305752,192315108.0,0.95,0.2,0.03,0.14
2023-08-16,600019,14.73,14.72,14.79,14.66,308476,193933846.0,0.88,0.0,0.0,0.14
2023-08-17,600019,14.67,14.67,14.69,14.57,502446,312625422.0,0.82,-0.34,-0.05,0.23
2023-08-18,600019,14.69,14.63,14.77,14.62,290901,182314582.0,1.02,-0.27,-0.04,0.13
2023-08-21,600019,14.63,14.57,14.7,14.57,340991,211947541.0,0.89,-0.41,-0.06,0.16
2023-08-22,600019,14.56,14.63,14.69,14.53,542618,336769225.0,1.1,0.41,0.06,0.25
2023-08-23,600019,14.67,14.55,14.67,14.55,351734,217826552.0,0.82,-0.55,-0.08,0.16
2023-08-24,600019,14.58,14.45,14.63,14.42,528430,322830088.0,1.44,-0.69,-0.1,0.24
2023-08-25,600019,14.46,14.57,14.63,14.41,563475,345867405.0,1.52,0.83,0.12,0.26
2023-08-28,600019,14.88,14.8,14.92,14.73,1044823,666435624.0,1.3,1.58,0.23,0.48
2023-08-29,600019,14.8,14.58,14.81,14.52,922118,572588814.0,1.96,-1.49,-0.22,0.42
2023-08-30,600019,14.57,14.5,14.63,14.47,530426,325386190.0,1.1,-0.55,-0.08,0.24
2023-08-31,600019,14.44,14.44,14.51,14.42,643448,391207588.0,0.62,-0.41,-0.06,0.29
2023-09-01,600019,14.46,14.8,14.85,14.46,1044206,658520746.0,2.7,2.49,0.36,0.48
2023-09-04,600019,14.84,15.13,15.3,14.83,1670215,1106995771.0,3.18,2.23,0.33,0.76
2023-09-05,600019,15.16,15.03,15.17,14.95,743733,486412027.0,1.45,-0.66,-0.1,0.34
2023-09-06,600019,15.06,14.88,15.06,14.88,513572,332165457.0,1.2,-1.0,-0.15,0.23
2023-09-07,600019,14.85,14.81,14.96,14.78,731367,468570986.0,1.21,-0.47,-0.07,0.33
2023-09-08,600019,14.78,14.63,14.8,14.62,566911,354625786.0,1.22,-1.22,-0.18,0.26
2023-09-11,600019,14.62,14.62,14.68,14.57,743977,462469309.0,0.75,-0.07,-0.01,0.34
2023-09-12,600019,14.62,14.61,14.69,14.55,594277,368185624.0,0.96,-0.07,-0.01,0.27
2023-09-13,600019,14.59,14.66,14.84,14.57,902911,566541522.0,1.85,0.34,0.05,0.41
2023-09-14,600019,14.64,14.7,14.75,14.61,792537,496015886.0,0.95,0.27,0.04,0.36
2023-09-15,600019,14.72,14.63,14.81,14.61,1133327,711574570.0,1.36,-0.48,-0.07,0.52
2023-09-18,600019,14.64,14.62,14.67,14.53,629243,389174116.0,0.96,-0.07,-0.01,0.29
2023-09-19,600019,14.58,14.84,14.85,14.58,1208582,764909210.0,1.85,1.5,0.22,0.55
2023-09-20,600019,14.84,14.85,14.89,14.73,686440,438657545.0,1.08,0.07,0.01,0.31
2023-09-21,600019,14.86,14.68,14.86,14.67,678818,427737527.0,1.28,-1.14,-0.17,0.31
2023-09-22,600019,14.69,14.66,14.74,14.58,681887,424683355.0,1.09,-0.14,-0.02,0.31
2023-09-25,600019,14.66,14.66,14.75,14.59,726916,455408245.0,1.09,0.0,0.0,0.33
2023-09-26,600019,14.64,14.61,14.74,14.59,593853,369427641.0,1.02,-0.34,-0.05,0.27
2023-09-27,600019,14.59,14.51,14.63,14.48,729057,447125586.0,1.03,-0.68,-0.1,0.33
2023-09-28,600019,14.52,14.47,14.55,14.46,548982,335007801.0,0.62,-0.28,-0.04,0.25
2023-10-09,600019,14.47,14.53,14.57,14.46,537828,329585383.0,0.76,0.41,0.06,0.25
2023-10-10,600019,14.53,14.5,14.61,14.46,654199,400142805.0,1.03,-0.21,-0.03,0.3
2023-10-11,600019,14.51,14.4,14.51,14.38,622837,377022152.0,0.9,-0.69,-0.1,0.28
2023-10-12,600019,14.44,14.51,14.55,14.42,512101,312741976.0,0.9,0.76,0.11,0.23
2023-10-13,600019,14.47,14.44,14.48,14.38,458443,277566738.0,0.69,-0.48,-0.07,0.21
2023-10-16,600019,14.46,14.38,14.47,14.33,526926,311034030.0,0.97,-0.42,-0.06,0.24
2023-10-17,600019,14.68,14.74,14.79,14.57,1476889,910334414.0,1.53,2.5,0.36,0.68
2023-10-18,600019,14.74,14.77,14.85,14.55,2133838,1316696571.0,2.04,0.2,0.03,0.98
2023-10-19,600019,14.68,14.3,14.69,14.3,1912565,1135171965.0,2.64,-3.18,-0.47,0.87
2023-10-20,600019,14.25,14.3,14.41,14.22,808281,474705614.0,1.33,0.0,0.0,0.37
2023-10-23,600019,14.33,14.24,14.33,14.18,614492,355459659.0,1.05,-0.42,-0.06,0.28
2023-10-24,600019,14.25,14.25,14.28,14.19,483108,279582103.0,0.63,0.07,0.01,0.22
2023-10-25,600019,14.45,14.9,14.92,14.45,3005879,1867419067.0,3.3,4.56,0.65,1.38
2023-10-26,600019,14.84,14.9,15.0,14.75,1374820,867078608.0,1.68,0.0,0.0,0.63
2023-10-27,600019,14.89,14.84,15.0,14.8,1120033,708210581.0,1.34,-0.4,-0.06,0.51
2023-10-30,600019,14.81,14.84,14.92,14.79,739585,465719879.0,0.88,0.0,0.0,0.34
2023-10-31,600019,14.83,14.81,14.89,14.79,566647,355108300.0,0.67,-0.2,-0.03,0.26
2023-11-01,600019,14.84,14.8,14.85,14.73,719926,448944176.0,0.81,-0.07,-0.01,0.33
2023-11-02,600019,14.78,14.85,14.92,14.78,706150,444990827.0,0.95,0.34,0.05,0.32
2023-11-03,600019,14.86,14.7,14.91,14.68,934810,581801449.0,1.55,-1.01,-0.15,0.43
2023-11-06,600019,14.72,14.61,14.74,14.59,986180,602717562.0,1.02,-0.61,-0.09,0.45
2023-11-07,600019,14.61,14.61,14.66,14.55,717857,436514616.0,0.75,0.0,0.0,0.33
2023-11-08,600019,14.58,14.53,14.59,14.5,602886,363608511.0,0.62,-0.55,-0.08,0.28
2023-11-09,600019,14.53,14.58,14.63,14.51,562410,342020161.0,0.83,0.34,0.05,0.26
2023-11-10,600019,14.56,14.56,14.59,14.5,419229,253031007.0,0.62,-0.14,-0.02,0.19
2023-11-13,600019,14.58,14.72,14.75,14.57,879335,540121550.0,1.24,1.1,0.16,0.4
2023-11-14,600019,14.7,14.58,14.7,14.53,771519,468555235.0,1.15,-0.95,-0.14,0.35
2023-11-15,600019,14.64,14.74,14.74,14.62,893136,550419867.0,0.82,1.1,0.16,0.41
2023-11-16,600019,14.72,14.78,14.84,14.68,803520,499378513.0,1.09,0.27,0.04,0.37
2023-11-17,600019,14.78,14.72,14.86,14.7,476838,296202799.0,1.08,-0.41,-0.06,0.22
2023-11-20,600019,14.72,14.72,14.78,14.68,460679,285122787.0,0.68,0.0,0.0,0.21
2023-11-21,600019,14.77,14.81,14.89,14.75,826395,519158578.0,0.95,0.61,0.09,0.38
2023-11-22,600019,14.83,14.75,14.84,14.75,512889,320220844.0,0.61,-0.41,-0.06,0.23
2023-11-23,600019,14.75,14.8,14.81,14.69,591695,367594494.0,0.81,0.34,0.05,0.27
2023-11-24,600019,14.79,14.75,14.84,14.75,516838,323037293.0,0.61,-0.34,-0.05,0.24
2023-11-27,600019,14.75,14.69,14.77,14.59,751953,461913183.0,1.22,-0.41,-0.06,0.34
2023-11-28,600019,14.7,14.81,14.83,14.66,733741,455733592.0,1.16,0.82,0.12,0.34
2023-11-29,600019,14.81,14.7,14.84,14.68,528917,328088997.0,1.08,-0.74,-0.11,0.24
2023-11-30,600019,14.69,14.77,14.8,14.68,535629,332324483.0,0.82,0.48,0.07,0.25
2023-12-01,600019,14.78,14.8,14.85,14.75,606562,379229588.0,0.68,0.2,0.03,0.28
2023-12-04,600019,14.8,14.78,14.89,14.77,520671,326521953.0,0.81,-0.14,-0.02,0.24
2023-12-05,600019,14.78,14.67,14.79,14.66,503064,310987935.0,0.88,-0.74,-0.11,0.23
2023-12-06,600019,14.67,14.64,14.72,14.58,413254,253664836.0,0.95,-0.2,-0.03,0.19
2023-12-07,600019,14.64,14.67,14.73,14.58,620758,381517250.0,1.02,0.2,0.03,0.28
2023-12-08,600019,14.69,14.63,14.75,14.63,933082,574245060.0,0.82,-0.27,-0.04,0.43
2023-12-11,600019,14.67,14.7,14.72,14.31,1434926,863458528.0,2.8,0.48,0.07,0.66
2023-12-12,600019,14.64,14.55,14.64,14.39,1192792,715549955.0,1.7,-1.02,-0.15,0.55
2023-12-13,600019,14.5,14.5,14.59,14.42,1014969,609839510.0,1.17,-0.34,-0.05,0.46
2023-12-14,600019,14.5,14.51,14.59,14.47,663765,400198305.0,0.83,0.07,0.01,0.3
2023-12-15,600019,14.53,14.57,14.63,14.48,744034,451273649.0,1.03,0.41,0.06,0.34
2023-12-18,600019,14.55,14.5,14.61,14.48,457234,275790774.0,0.89,-0.48,-0.07,0.21
2023-12-19,600019,14.5,14.5,14.52,14.45,417892,250409810.0,0.48,0.0,0.0,0.19
2023-12-20,600019,14.51,14.52,14.64,14.48,579620,351605968.0,1.1,0.14,0.02,0.27
2023-12-21,600019,14.51,14.5,14.53,14.42,605501,362081043.0,0.76,-0.14,-0.02,0.28
2023-12-22,600019,14.5,14.58,14.61,14.46,641414,387987850.0,1.03,0.55,0.08,0.29
2023-12-25,600019,14.59,14.58,14.61,14.53,343591,208070585.0,0.55,0.0,0.0,0.16
2023-12-26,600019,14.58,14.52,14.62,14.51,417002,252278712.0,0.75,-0.41,-0.06,0.19
2023-12-27,600019,14.52,14.56,14.56,14.45,570709,342638581.0,0.76,0.28,0.04,0.26
2023-12-28,600019,14.55,14.45,14.59,14.42,1263540,757640043.0,1.17,-0.76,-0.11,0.58
2023-12-29,600019,14.41,14.41,14.45,14.35,881679,522565518.0,0.69,-0.28,-0.04,0.4
2024-01-02,600019,14.41,14.51,14.56,14.4,838462,503839226.0,1.11,0.69,0.1,0.38
2024-01-03,600019,14.5,14.67,14.67,14.48,1040824,634197801.0,1.31,1.1,0.16,0.48
2024-01-04,600019,14.67,14.68,14.72,14.62,571853,350595869.0,0.68,0.07,0.01,0.26
2024-01-05,600019,14.69,14.72,14.83,14.66,789234,490291871.0,1.16,0.27,0.04,0.36
2024-01-08,600019,14.72,14.68,14.75,14.67,615976,379942202.0,0.54,-0.27,-0.04,0.28
2024-01-09,600019,14.68,14.67,14.72,14.58,544441,333473378.0,0.95,-0.07,-0.01,0.25
2024-01-10,600019,14.64,14.55,14.68,14.55,670915,408256265.0,0.89,-0.82,-0.12,0.31
2024-01-11,600019,14.57,14.45,14.57,14.42,915570,547094152.0,1.03,-0.69,-0.1,0.42
2024-01-12,600019,14.42,14.4,14.47,14.4,616020,366490209.0,0.48,-0.35,-0.05,0.28
2024-01-15,600019,14.42,14.36,14.46,14.34,749288,442758210.0,0.83,-0.28,-0.04,0.34
2024-01-16,600019,14.36,14.38,14.4,14.31,695545,409339008.0,0.63,0.14,0.02,0.32
2024-01-17,600019,14.38,14.25,14.42,14.25,769084,451549755.0,1.18,-0.9,-0.13,0.35
2024-01-18,600019,14.25,14.18,14.25,13.96,1440087,816435980.0,2.04,-0.49,-0.07,0.66
2024-01-19,600019,14.16,14.22,14.23,14.07,849955,488429075.0,1.13,0.28,0.04,0.39
2024-01-22,600019,14.2,14.07,14.25,14.02,795079,455215266.0,1.62,-1.05,-0.15,0.36
2024-01-23,600019,14.07,14.09,14.18,13.95,974542,548757951.0,1.63,0.14,0.02,0.45
2024-01-24,600019,14.13,14.36,14.38,14.12,863899,500319689.0,1.85,1.92,0.27,0.4
2024-01-25,600019,14.38,14.59,14.59,14.36,1204366,724014150.0,1.6,1.6,0.23,0.55
2024-01-26,600019,14.58,14.75,14.75,14.56,1096671,674918486.0,1.3,1.1,0.16,0.5
2024-01-29,600019,14.78,14.74,14.84,14.73,839718,523458600.0,0.75,-0.07,-0.01,0.38
2024-01-30,600019,14.73,14.69,14.81,14.66,755500,468953061.0,1.02,-0.34,-0.05,0.35
2024-01-31,600019,14.68,14.68,14.78,14.59,1170258,721157064.0,1.29,-0.07,-0.01,0.54
2024-02-01,600019,14.64,14.64,14.78,14.61,877445,540681582.0,1.16,-0.27,-0.04,0.4
2024-02-02,600019,14.67,14.7,14.8,14.56,1044853,645644763.0,1.64,0.41,0.06,0.48
2024-02-05,600019,14.73,14.77,14.81,14.62,1203684,745336676.0,1.29,0.48,0.07,0.55
2024-02-06,600019,14.75,14.89,14.91,14.72,1112216,697575517.0,1.29,0.81,0.12,0.51
2024-02-07,600019,14.91,14.85,14.92,14.7,1259849,788660669.0,1.48,-0.27,-0.04,0.58
2024-02-08,600019,14.8,14.88,14.88,14.72,1226889,765412780.0,1.08,0.2,0.03,0.56
2024-02-19,600019,14.88,15.03,15.05,14.86,850190,544009281.0,1.28,1.01,0.15,0.39
2024-02-20,600019,15.03,15.18,15.22,14.99,755897,493435020.0,1.53,1.0,0.15,0.35
2024-02-21,600019,15.19,15.17,15.25,15.11,732976,480741248.0,0.92,-0.07,-0.01,0.34
2024-02-22,600019,15.17,15.3,15.31,15.13,568042,375793119.0,1.19,0.86,0.13,0.26
2024-02-23,600019,15.3,15.3,15.44,15.28,598839,401095966.0,1.05,0.0,0.0,0.27
2024-02-26,600019,15.31,15.2,15.44,15.18,722124,478815478.0,1.7,-0.65,-0.1,0.33
2024-02-27,600019,15.19,15.29,15.38,15.17,625450,415264695.0,1.38,0.59,0.09,0.29
2024-02-28,600019,15.29,15.23,15.34,15.22,567858,376738593.0,0.78,-0.39,-0.06,0.26
2024-02-29,600019,15.2,15.31,15.34,15.2,674022,446613327.0,0.92,0.53,0.08,0.31
2024-03-01,600019,15.3,15.33,15.42,15.29,448152,300798366.0,0.85,0.13,0.02,0.21
2024-03-04,600019,15.31,15.28,15.4,15.25,616772,410110958.0,0.98,-0.33,-0.05,0.28
2024-03-05,600019,15.28,15.39,15.41,15.23,637026,424804450.0,1.18,0.72,0.11,0.29
2024-03-06,600019,15.39,15.35,15.45,15.34,431101,290267309.0,0.71,-0.26,-0.04,0.2
2024-03-07,600019,15.33,15.52,15.61,15.33,878642,600996298.0,1.82,1.11,0.17,0.4
2024-03-08,600019,15.56,15.55,15.64,15.49,624022,428601748.0,0.97,0.19,0.03,0.29
2024-03-11,600019,15.53,15.47,15.62,15.38,649013,441177804.0,1.54,-0.51,-0.08,0.3
2024-03-12,600019,15.45,15.24,15.46,15.2,1153956,764385021.0,1.68,-1.49,-0.23,0.53
2024-03-13,600019,15.24,15.23,15.33,15.19,680348,450709990.0,0.92,-0.07,-0.01,0.31
2024-03-14,600019,15.25,15.24,15.38,15.2,635801,421785126.0,1.18,0.07,0.01,0.29
2024-03-15,600019,15.19,15.19,15.27,15.09,994629,652808314.0,1.18,-0.33,-0.05,0.46
2024-03-18,600019,15.23,15.27,15.28,15.12,678427,447537906.0,1.05,0.53,0.08,0.31
2024-03-19,600019,15.25,15.22,15.33,15.19,602692,398941549.0,0.92,-0.33,-0.05,0.28
2024-03-20,600019,15.19,15.2,15.28,15.17,513761,338280458.0,0.72,-0.13,-0.02,0.24
2024-03-21,600019,15.19,15.16,15.24,15.16,349412,229689181.0,0.53,-0.26,-0.04,0.16
2024-03-22,600019,15.16,15.08,15.18,15.03,495531,321645065.0,0.99,-0.53,-0.08,0.23
2024-03-25,600019,15.03,15.09,15.19,15.03,487725,317957036.0,1.06,0.07,0.01,0.22
2024-03-26,600019,15.11,15.09,15.13,15.02,416458,269622957.0,0.73,0.0,0.0,0.19
2024-03-27,600019,15.09,15.12,15.18,15.07,519911,338878782.0,0.73,0.2,0.03,0.24
2024-03-28,600019,15.11,15.07,15.16,15.05,612726,397706982.0,0.73,-0.33,-0.05,0.28
2024-03-29,600019,15.07,15.28,15.31,15.06,606206,400459591.0,1.66,1.39,0.21,0.28
2024-04-01,600019,15.3,15.27,15.34,15.2,515126,340716863.0,0.92,-0.07,-0.01,0.24
2024-04-02,600019,15.27,15.34,15.44,15.24,554145,370441374.0,1.31,0.46,0.07,0.25
2024-04-03,600019,15.36,15.31,15.41,15.27,838768,559865915.0,0.91,-0.2,-0.03,0.38
2024-04-08,600019,15.33,15.36,15.47,15.3,805107,542730245.0,1.11,0.33,0.05,0.37
2024-04-09,600019,15.36,15.28,15.4,15.17,662565,438547663.0,1.5,-0.52,-0.08,0.3
2024-04-10,600019,15.25,15.28,15.34,15.22,550372,365452068.0,0.79,0.0,0.0,0.25
2024-04-11,600019,15.24,15.34,15.44,15.18,629241,420529988.0,1.7,0.39,0.06,0.29
2024-04-12,600019,15.36,15.4,15.45,15.33,713552,481168218.0,0.78,0.39,0.06,0.33
2024-04-15,600019,15.41,15.6,15.63,15.38,1045500,716293969.0,1.62,1.3,0.2,0.48
2024-04-16,600019,15.6,15.72,15.81,15.57,1576109,1102355721.0,1.54,0.77,0.12,0.72
2024-04-17,600019,15.68,15.97,16.0,15.62,1278209,905659303.0,2.42,1.59,0.25,0.58
2024-04-18,600019,15.96,16.07,16.18,15.94,1063017,776721804.0,1.5,0.63,0.1,0.49
2024-04-19,600019,16.02,16.16,16.24,15.99,931207,686434877.0,1.56,0.56,0.09,0.43
2024-04-22,600019,16.19,16.06,16.3,15.97,865657,632929651.0,2.04,-0.62,-0.1,0.4
2024-04-23,600019,16.06,15.75,16.06,15.73,871216,619074065.0,2.05,-1.93,-0.31,0.4
2024-04-24,600019,15.77,15.8,15.83,15.7,485649,342173501.0,0.83,0.32,0.05,0.22
2024-04-25,600019,15.81,15.85,15.92,15.77,536123,381221043.0,0.95,0.32,0.05,0.25
2024-04-26,600019,15.85,15.83,15.96,15.69,829946,585156212.0,1.7,-0.13,-0.02,0.38
2024-04-29,600019,15.78,15.75,15.83,15.55,1131039,789287988.0,1.77,-0.51,-0.08,0.52
2024-04-30,600019,15.73,15.66,15.86,15.66,790441,554982782.0,1.27,-0.57,-0.09,0.36
2024-05-06,600019,15.73,15.68,15.83,15.64,890143,622512484.0,1.21,0.13,0.02,0.41
2024-05-07,600019,15.69,15.55,15.69,15.5,887386,609756409.0,1.21,-0.83,-0.13,0.41
2024-05-08,600019,15.52,15.52,15.57,15.45,611490,417864185.0,0.77,-0.19,-0.03,0.28
2024-05-09,600019,15.52,15.66,15.67,15.52,670100,462650928.0,0.97,0.9,0.14,0.31
2024-05-10,600019,15.66,15.75,15.78,15.63,682754,477743807.0,0.96,0.57,0.09,0.31
2024-05-13,600019,15.75,15.84,15.86,15.64,765139,538816653.0,1.4,0.57,0.09,0.35
2024-05-14,600019,15.81,15.66,15.84,15.66,700381,489827119.0,1.14,-1.14,-0.18,0.32
2024-05-15,600019,15.64,15.62,15.69,15.56,539112,373192884.0,0.83,-0.26,-0.04,0.25
2024-05-16,600019,15.62,15.72,15.75,15.6,786321,547880904.0,0.96,0.64,0.1,0.36
2024-05-17,600019,15.72,15.74,15.75,15.58,644527,447974791.0,1.08,0.13,0.02,0.29
2024-05-20,600019,15.73,15.73,15.81,15.63,999936,699521483.0,1.14,-0.06,-0.01,0.46
2024-05-21,600019,15.72,15.72,15.81,15.66,877049,614813129.0,0.95,-0.06,-0.01,0.4
2024-05-22,600019,15.72,15.83,15.94,15.7,1038901,738665119.0,1.53,0.7,0.11,0.48
2024-05-23,600019,15.79,15.67,15.8,15.66,773368,541624485.0,0.88,-1.01,-0.16,0.35
2024-05-24,600019,15.63,15.61,15.72,15.6,475973,330565949.0,0.77,-0.38,-0.06,0.22
2024-05-27,600019,15.63,15.7,15.74,15.61,567157,395019094.0,0.83,0.58,0.09,0.26
2024-05-28,600019,15.72,15.7,15.81,15.66,614149,430573504.0,0.96,0.0,0.0,0.28
2024-05-29,600019,15.67,15.7,15.77,15.61,480186,336021829.0,1.02,0.0,0.0,0.22
2024-05-30,600019,15.83,15.69,15.94,15.67,1171182,827997622.0,1.72,-0.06,-0.01,0.54
2024-05-31,600019,15.68,15.6,15.75,15.6,739205,514146272.0,0.96,-0.57,-0.09,0.34
2024-06-03,600019,15.6,15.66,15.69,15.53,809147,560465036.0,1.03,0.38,0.06,0.37
2024-06-04,600019,15.63,15.8,15.83,15.58,896025,629362371.0,1.6,0.89,0.14,0.41
2024-06-05,600019,15.84,15.78,15.88,15.75,533289,377391610.0,0.82,-0.13,-0.02,0.24
2024-06-06,600019,15.78,15.77,15.88,15.72,724682,511834290.0,1.01,-0.06,-0.01,0.33
2024-06-07,600019,15.8,15.7,15.81,15.64,770479,538922751.0,1.08,-0.44,-0.07,0.35
2024-06-11,600019,15.7,15.52,15.7,15.52,838733,578113627.0,1.15,-1.15,-0.18,0.38
2024-06-12,600019,15.52,15.58,15.62,15.45,728946,499668497.0,1.1,0.39,0.06,0.33
2024-06-13,600019,15.65,15.53,15.68,15.52,632454,422955094.0,1.03,-0.32,-0.05,0.29
2024-06-14,600019,15.53,15.71,15.72,15.5,836784,563206757.0,1.42,1.16,0.18,0.38
2024-06-17,600019,15.65,15.33,15.69,15.31,1396401,914931358.0,2.42,-2.42,-0.38,0.64
2024-06-18,600019,15.32,15.42,15.47,15.31,635251,416195548.0,1.04,0.59,0.09,0.29
2024-06-19,600019,15.42,15.52,15.59,15.41,504605,335003428.0,1.17,0.65,0.1,0.23
2024-06-20,600019,15.54,15.54,15.58,15.49,324432,215843470.0,0.58,0.13,0.02,0.15
2024-06-21,600019,15.55,15.44,15.57,15.43,408882,270246571.0,0.9,-0.64,-0.1,0.19
2024-06-24,600019,15.43,15.43,15.47,15.37,483908,317652361.0,0.65,-0.06,-0.01,0.22
2024-06-25,600019,15.43,15.46,15.52,15.38,403851,266564114.0,0.91,0.19,0.03,0.18
2024-06-26,600019,15.46,15.47,15.53,15.38,406504,267834272.0,0.97,0.06,0.01,0.19
2024-06-27,600019,15.43,15.42,15.5,15.41,419181,276041186.0,0.58,-0.32,-0.05,0.19
2024-06-28,600019,15.42,15.53,15.59,15.41,538800,357257167.0,1.17,0.71,0.11,0.25
2024-07-01,600019,15.49,15.66,15.69,15.48,518788,349213826.0,1.35,0.84,0.13,0.24
2024-07-02,600019,15.68,15.94,16.02,15.66,840089,581770111.0,2.3,1.79,0.28,0.38
2024-07-03,600019,15.94,15.93,16.02,15.88,484265,338622926.0,0.88,-0.06,-0.01,0.22
2024-07-04,600019,15.96,15.94,16.01,15.93,478633,335372501.0,0.5,0.06,0.01,0.22
2024-07-05,600019,15.96,15.96,16.04,15.83,593486,414832055.0,1.32,0.13,0.02,0.27
2024-07-08,600019,15.99,16.03,16.08,15.94,653444,460794420.0,0.88,0.44,0.07,0.3
2024-07-09,600019,16.07,16.02,16.08,15.94,542385,382800028.0,0.87,-0.06,-0.01,0.25
2024-07-10,600019,16.01,15.86,16.03,15.82,534227,372144173.0,1.31,-1.0,-0.16,0.24
2024-07-11,600019,15.86,15.9,15.93,15.81,465708,322338913.0,0.76,0.25,0.04,0.21
2024-07-12,600019,15.88,15.88,15.94,15.83,396320,275402940.0,0.69,-0.13,-0.02,0.18
2024-07-15,600019,15.87,15.96,15.99,15.86,435583,304626816.0,0.82,0.5,0.08,0.2
2024-07-16,600019,15.92,15.97,15.99,15.9,360600,252243869.0,0.56,0.06,0.01,0.16
2024-07-17,600019,15.96,15.99,16.02,15.93,450158,315907084.0,0.56,0.13,0.02,0.21
2024-07-18,600019,15.96,16.07,16.09,15.88,617430,435342794.0,1.31,0.5,0.08,0.28
2024-07-19,600019,16.07,16.04,16.1,15.97,646741,457413624.0,0.81,-0.19,-0.03,0.3
2024-07-22,600019,16.07,16.09,16.11,15.99,537958,380796129.0,0.75,0.31,0.05,0.25
2024-07-23,600019,16.05,15.87,16.08,15.86,555977,389133212.0,1.37,-1.37,-0.22,0.25
2024-07-24,600019,15.85,15.91,15.94,15.82,515256,357990599.0,0.76,0.25,0.04,0.24
2024-07-25,600019,15.92,15.85,15.96,15.76,549223,379320889.0,1.26,-0.38,-0.06,0.25
2024-07-26,600019,15.85,15.76,15.92,15.71,588393,403854238.0,1.32,-0.57,-0.09,0.27
2024-07-29,600019,15.77,15.91,15.94,15.75,498485,346291051.0,1.21,0.95,0.15,0.23
2024-07-30,600019,15.93,15.87,15.94,15.81,433676,300657707.0,0.82,-0.25,-0.04,0.2
2024-07-31,600019,15.9,15.71,15.93,15.7,1193443,815760434.0,1.45,-1.01,-0.16,0.55
2024-08-01,600019,15.71,15.74,15.8,15.68,874455,597075037.0,0.76,0.19,0.03,0.4
2024-08-02,600019,15.7,15.61,15.72,15.6,565340,381578562.0,0.76,-0.83,-0.13,0.26
2024-08-05,600019,15.6,15.37,15.6,15.36,951953,626510005.0,1.54,-1.54,-0.24,0.44
2024-08-06,600019,15.37,15.29,15.52,15.2,891952,575631305.0,2.08,-0.52,-0.08,0.41
2024-08-07,600019,15.29,15.25,15.3,15.22,621919,399664237.0,0.52,-0.26,-0.04,0.28
2024-08-08,600019,15.25,15.2,15.25,15.13,613192,389982208.0,0.79,-0.33,-0.05,0.28
2024-08-09,600019,15.2,15.16,15.25,15.16,497148,317318548.0,0.59,-0.26,-0.04,0.23
2024-08-12,600019,15.16,15.07,15.18,15.03,559479,351178709.0,0.99,-0.59,-0.09,0.26
2024-08-13,600019,15.09,15.1,15.1,15.0,537382,336296471.0,0.66,0.2,0.03,0.25
2024-08-14,600019,15.09,14.89,15.09,14.88,690199,426123005.0,1.39,-1.39,-0.21,0.32
2024-08-15,600019,14.86,14.91,14.93,14.77,625876,382778840.0,1.07,0.13,0.02,0.29
2024-08-16,600019,14.91,14.86,14.94,14.82,581717,355645500.0,0.8,-0.34,-0.05,0.27
2024-08-19,600019,14.85,14.86,14.93,14.83,579804,354737011.0,0.67,0.0,0.0,0.27
2024-08-20,600019,14.88,14.75,14.89,14.74,653730,395697359.0,1.01,-0.74,-0.11,0.3
2024-08-21,600019,14.75,14.79,14.82,14.7,711178,428046069.0,0.81,0.27,0.04,0.33
2024-08-22,600019,14.79,14.7,14.81,14.65,630857,377856986.0,1.08,-0.61,-0.09,0.29
2024-08-23,600019,14.69,14.71,14.74,14.66,376734,225056007.0,0.54,0.07,0.01,0.17
2024-08-26,600019,14.71,14.75,14.75,14.65,617976,369028745.0,0.68,0.27,0.04,0.28
2024-08-27,600019,14.74,14.8,14.83,14.7,616825,371467353.0,0.88,0.34,0.05,0.28
2024-08-28,600019,14.89,14.72,14.89,14.66,828184,497325186.0,1.55,-0.54,-0.08,0.38
2024-08-29,600019,14.7,14.55,14.71,14.53,889900,523079036.0,1.22,-1.15,-0.17,0.41
2024-08-30,600019,14.57,14.69,14.76,14.54,898597,534914382.0,1.51,0.96,0.14,0.41
2024-09-02,600019,14.68,14.65,14.71,14.58,555792,329880374.0,0.88,-0.27,-0.04,0.25
2024-09-03,600019,14.66,14.58,14.68,14.52,604804,355171995.0,1.09,-0.48,-0.07,0.28
2024-09-04,600019,14.59,14.55,14.59,14.44,453119,264105844.0,1.03,-0.21,-0.03,0.21
2024-09-05,600019,14.55,14.53,14.58,14.44,560461,324812522.0,0.96,-0.14,-0.02,0.26
2024-09-06,600019,14.52,14.5,14.63,14.49,444413,260228750.0,0.96,-0.21,-0.03,0.2
2024-09-09,600019,14.49,14.33,14.5,14.24,821377,464664484.0,1.79,-1.17,-0.17,0.38
2024-09-10,600019,14.32,14.33,14.36,14.24,573007,323409662.0,0.84,0.0,0.0,0.26
2024-09-11,600019,14.31,14.22,14.32,14.16,608050,338523681.0,1.12,-0.77,-0.11,0.28
2024-09-12,600019,14.21,14.25,14.26,14.18,414998,231360814.0,0.56,0.21,0.03,0.19
2024-09-13,600019,14.24,14.22,14.31,14.22,317002,177793213.0,0.63,-0.21,-0.03,0.15
2024-09-18,600019,14.21,14.22,14.25,14.13,397579,220798599.0,0.84,0.0,0.0,0.18
2024-09-19,600019,14.25,14.25,14.32,14.18,771412,431967183.0,0.98,0.21,0.03,0.35
2024-09-20,600019,14.25,14.26,14.32,14.22,679882,381674140.0,0.7,0.07,0.01,0.31
2024-09-23,600019,14.26,14.39,14.44,14.25,608035,345960144.0,1.33,0.91,0.13,0.28
2024-09-24,600019,14.43,14.74,14.75,14.43,1259264,744466176.0,2.22,2.43,0.35,0.58
2024-09-25,600019,14.93,15.08,15.27,14.93,2531233,1580596336.0,2.31,2.31,0.34,1.16
2024-09-26,600019,15.1,15.33,15.37,15.06,1751114,1108124174.0,2.06,1.66,0.25,0.8
2024-09-27,600019,15.4,15.37,15.59,15.22,1135743,727288504.0,2.41,0.26,0.04,0.52
2024-09-30,600019,15.67,16.01,16.04,15.66,2510962,1709466774.0,2.47,4.16,0.64,1.15
2024-10-08,600019,16.86,16.12,16.86,15.88,3003696,2150569968.0,6.12,0.69,0.11,1.37
2024-10-09,600019,16.05,15.34,16.05,15.33,2368119,1562464947.0,4.47,-4.84,-0.78,1.08
2024-10-10,600019,15.34,15.79,16.04,15.33,2401710,1609587726.0,4.63,2.93,0.45,1.1
2024-10-11,600019,15.79,15.81,15.98,15.61,1496415,1014978896.0,2.34,0.13,0.02,0.68
2024-10-14,600019,15.87,16.0,16.2,15.86,1592406,1103236443.0,2.15,1.2,0.19,0.73
2024-10-15,600019,15.92,15.67,16.03,15.67,1330053,901646473.0,2.25,-2.06,-0.33,0.61
2024-10-16,600019,15.65,15.75,15.86,15.59,1119237,755060240.0,1.72,0.51,0.08,0.51
2024-10-17,600019,15.77,15.53,15.83,15.53,1065540,707273829.0,1.9,-1.4,-0.22,0.49
2024-10-18,600019,15.53,15.55,15.66,15.4,1281718,838036227.0,1.67,0.13,0.02,0.59
2024-10-21,600019,15.64,15.5,15.64,15.44,1001745,652758766.0,1.29,-0.32,-0.05,0.46
2024-10-22,600019,15.48,15.56,15.59,15.45,759113,496916071.0,0.9,0.39,0.06,0.35
2024-10-23,600019,15.59,15.66,15.75,15.55,873048,581222929.0,1.29,0.64,0.1,0.4
2024-10-24,600019,15.67,15.59,15.69,15.54,499029,329455196.0,0.96,-0.45,-0.07,0.23
2024-10-25,600019,15.6,15.59,15.65,15.55,537611,354417328.0,0.64,0.0,0.0,0.25
2024-10-28,600019,15.66,15.98,16.03,15.65,2060098,1417051323.0,2.44,2.5,0.39,0.94
2024-10-29,600019,16.01,15.81,16.01,15.78,1090753,743975945.0,1.44,-1.06,-0.17,0.5
2024-10-30,600019,15.67,15.55,15.75,15.49,1236163,818043930.0,1.64,-1.64,-0.26,0.57
2024-10-31,600019,15.51,15.5,15.62,15.4,978014,638184752.0,1.41,-0.32,-0.05,0.45
2024-11-01,600019,15.48,15.7,15.82,15.45,1421036,946566455.0,2.39,1.29,0.2,0.65
2024-11-04,600019,15.7,15.71,15.73,15.51,853859,565142312.0,1.4,0.06,0.01,0.39
2024-11-05,600019,15.67,15.82,15.82,15.66,896704,604815586.0,1.02,0.7,0.11,0.41
2024-11-06,600019,15.84,15.83,15.84,15.73,964509,651318730.0,0.7,0.06,0.01,0.44
2024-11-07,600019,15.76,16.03,16.03,15.72,1399336,961660622.0,1.96,1.26,0.2,0.64
2024-11-08,600019,16.06,15.88,16.11,15.81,1167225,800702727.0,1.87,-0.94,-0.15,0.53
2024-11-11,600019,15.86,15.73,15.86,15.64,949683,635787519.0,1.39,-0.94,-0.15,0.43
2024-11-12,600019,15.72,15.61,15.79,15.61,818314,546815190.0,1.14,-0.76,-0.12,0.37
2024-11-13,600019,15.6,15.64,15.72,15.6,669252,444781102.0,0.77,0.19,0.03,0.31
2024-11-14,600019,15.65,15.54,15.69,15.54,668014,441444625.0,0.96,-0.64,-0.1,0.31
2024-11-15,600019,15.53,15.58,15.65,15.5,679183,448243920.0,0.97,0.26,0.04,0.31
2024-11-18,600019,15.66,15.84,16.0,15.66,1924550,1316979049.0,2.18,1.67,0.26,0.88
2024-11-19,600019,15.81,15.76,15.86,15.65,978681,656485353.0,1.33,-0.51,-0.08,0.45
2024-11-20,600019,15.69,15.76,15.77,15.67,572405,383910248.0,0.63,0.0,0.0,0.26
2024-11-21,600019,15.73,15.81,15.83,15.73,546815,369013201.0,0.63,0.32,0.05,0.25
2024-11-22,600019,15.78,15.55,15.86,15.55,770966,514012772.0,1.96,-1.64,-0.26,0.35
2024-11-25,600019,15.58,15.55,15.67,15.5,612024,403280985.0,1.09,0.0,0.0,0.28
2024-11-26,600019,15.55,15.5,15.59,15.48,526121,343890006.0,0.71,-0.32,-0.05,0.24
2024-11-27,600019,15.5,15.6,15.6,15.42,539458,352065108.0,1.16,0.65,0.1,0.25
2024-11-28,600019,15.58,15.62,15.69,15.56,483843,319946087.0,0.83,0.13,0.02,0.22
2024-11-29,600019,15.65,15.62,15.77,15.61,701808,467862525.0,1.02,0.0,0.0,0.32
2024-12-02,600019,15.62,15.82,15.87,15.61,1166550,785775922.0,1.66,1.28,0.2,0.53
2024-12-03,600019,15.84,15.87,15.89,15.78,615027,418054607.0,0.7,0.32,0.05,0.28
2024-12-04,600019,15.86,15.87,15.93,15.77,708903,483132546.0,1.01,0.0,0.0,0.32
2024-12-05,600019,15.87,15.88,15.89,15.81,580913,395434614.0,0.5,0.06,0.01,0.27
2024-12-06,600019,15.9,15.99,16.03,15.88,949269,655566893.0,0.94,0.69,0.11,0.43
2024-12-09,600019,15.99,16.03,16.05,15.95,749498,520195966.0,0.63,0.25,0.04,0.34
2024-12-10,600019,16.15,15.98,16.2,15.97,895215,623728518.0,1.43,-0.31,-0.05,0.41
2024-12-11,600019,15.95,16.08,16.1,15.94,781645,543786829.0,1.0,0.63,0.1,0.36
2024-12-12,600019,16.08,15.95,16.09,15.92,841886,580725164.0,1.06,-0.81,-0.13,0.39
2024-12-13,600019,15.95,15.78,15.95,15.77,1005100,682772709.0,1.13,-1.07,-0.17,0.46
2024-12-16,600019,15.78,15.83,15.9,15.72,724216,491407562.0,1.14,0.32,0.05,0.33
2024-12-17,600019,15.82,15.92,15.97,15.79,727316,497261810.0,1.14,0.57,0.09,0.33
2024-12-18,600019,15.94,16.11,16.19,15.94,1380077,968718328.0,1.57,1.19,0.19,0.63
2024-12-19,600019,16.08,15.95,16.1,15.95,712089,493883240.0,0.93,-0.99,-0.16,0.33
2024-12-20,600019,15.98,15.82,16.01,15.81,790580,539110845.0,1.25,-0.82,-0.13,0.36
2024-12-23,600019,15.82,16.08,16.1,15.81,1312470,912271192.0,1.83,1.64,0.26,0.6
2024-12-24,600019,16.03,16.11,16.16,16.01,791032,554304145.0,0.93,0.19,0.03,0.36
2024-12-25,600019,16.14,16.22,16.22,16.1,819770,579898463.0,0.74,0.68,0.11,0.38
2024-12-26,600019,16.25,16.08,16.27,16.03,641827,449811193.0,1.48,-0.86,-0.14,0.29
2024-12-27,600019,16.1,16.14,16.2,16.03,648523,455245168.0,1.06,0.37,0.06,0.3
2024-12-30,600019,16.09,16.14,16.17,16.04,575778,404170604.0,0.81,0.0,0.0,0.26
2024-12-31,600019,16.12,16.09,16.2,16.05,597739,420626278.0,0.93,-0.31,-0.05,0.27
2025-01-02,600019,16.08,15.99,16.15,15.95,892516,621326089.0,1.24,-0.62,-0.1,0.41
2025-01-03,600019,16.0,15.94,16.11,15.9,748772,518359312.0,1.31,-0.31,-0.05,0.34
2025-01-06,600019,15.95,15.98,15.99,15.77,810325,553312799.0,1.38,0.25,0.04,0.37
2025-01-07,600019,15.98,15.76,15.98,15.64,1136629,762978532.0,2.13,-1.38,-0.22,0.52
2025-01-08,600019,15.76,15.75,15.77,15.61,673944,450221724.0,1.02,-0.06,-0.01,0.31
2025-01-09,600019,15.67,15.6,15.7,15.59,564804,374287667.0,0.7,-0.95,-0.15,0.26
2025-01-10,600019,15.58,15.54,15.62,15.5,409021,268234591.0,0.77,-0.38,-0.06,0.19
2025-01-13,600019,15.48,15.49,15.49,15.37,658893,426640773.0,0.77,-0.32,-0.05,0.3
2025-01-14,600019,15.51,15.58,15.6,15.47,512272,335942401.0,0.84,0.58,0.09,0.23
2025-01-15,600019,15.58,15.7,15.72,15.55,619109,411646620.0,1.09,0.77,0.12,0.28
2025-01-16,600019,15.72,15.82,15.82,15.67,534267,359520645.0,0.96,0.76,0.12,0.25
2025-01-17,600019,15.77,15.6,15.81,15.56,726501,481501497.0,1.58,-1.39,-0.22,0.33
2025-01-20,600019,15.62,15.58,15.67,15.55,555289,367472959.0,0.77,-0.13,-0.02,0.25
2025-01-21,600019,15.62,15.42,15.62,15.4,705301,458029345.0,1.41,-1.03,-0.16,0.32
2025-01-22,600019,15.42,15.54,15.59,15.37,634516,413927407.0,1.43,0.78,0.12,0.29
2025-01-23,600019,15.59,15.55,15.67,15.51,659164,434093786.0,1.03,0.06,0.01,0.3
2025-01-24,600019,15.56,15.87,15.93,15.54,1244612,838967652.0,2.51,2.06,0.32,0.57
2025-01-27,600019,15.86,16.1,16.11,15.84,1214030,846803064.0,1.7,1.45,0.23,0.56
2025-02-05,600019,16.09,15.75,16.09,15.7,1000888,678535006.0,2.42,-2.17,-0.35,0.46
2025-02-06,600019,15.75,15.72,15.83,15.7,593525,398507792.0,0.83,-0.19,-0.03,0.27
2025-02-07,600019,15.72,16.03,16.04,15.7,1090270,746697338.0,2.16,1.97,0.31,0.5
2025-02-10,600019,16.03,15.97,16.17,15.9,840902,581188583.0,1.68,-0.37,-0.06,0.39
2025-02-11,600019,15.97,15.95,16.08,15.92,581638,402213978.0,1.0,-0.13,-0.02,0.27
2025-02-12,600019,15.97,15.9,15.99,15.82,489739,334463467.0,1.07,-0.31,-0.05,0.22
2025-02-13,600019,15.9,15.9,15.97,15.9,405350,278640334.0,0.44,0.0,0.0,0.19
2025-02-14,600019,15.9,15.84,15.93,15.79,460511,312997532.0,0.88,-0.38,-0.06,0.21
2025-02-17,600019,15.84,15.79,15.88,15.78,457413,310041800.0,0.63,-0.32,-0.05,0.21
2025-02-18,600019,15.78,15.77,15.86,15.72,585620,395404890.0,0.89,-0.13,-0.02,0.27
2025-02-19,600019,15.76,15.66,15.81,15.62,812417,541053858.0,1.2,-0.7,-0.11,0.37
2025-02-20,600019,15.64,15.66,15.7,15.58,507333,336440203.0,0.77,0.0,0.0,0.23
2025-02-21,600019,15.66,15.73,15.73,15.58,896604,595947015.0,0.96,0.45,0.07,0.41
2025-02-24,600019,15.72,15.75,15.79,15.69,609777,409370265.0,0.64,0.13,0.02,0.28
2025-02-25,600019,15.72,15.64,15.77,15.62,510419,341170108.0,0.95,-0.7,-0.11,0.23
2025-02-26,600019,15.66,16.01,16.04,15.66,1673357,1148395343.0,2.43,2.37,0.37,0.77
2025-02-27,600019,16.08,16.19,16.19,15.92,1816208,1271314200.0,1.69,1.12,0.18,0.83
2025-02-28,600019,16.19,16.19,16.26,16.14,1168986,829149601.0,0.74,0.0,0.0,0.54
2025-03-03,600019,16.19,16.42,16.48,16.19,1426886,1032596816.0,1.79,1.42,0.23,0.66
2025-03-04,600019,16.39,16.4,16.49,16.32,696916,506575648.0,1.04,-0.12,-0.02,0.32
2025-03-05,600019,16.42,16.51,16.53,16.28,873973,635994438.0,1.52,0.67,0.11,0.4
2025-03-06,600019,16.51,16.54,16.55,16.36,1030406,751706678.0,1.15,0.18,0.03,0.47
2025-03-07,600019,16.53,16.7,16.76,16.51,1295086,969706567.0,1.51,0.97,0.16,0.59
2025-03-10,600019,16.72,16.55,16.72,16.47,779945,575053509.0,1.5,-0.9,-0.15,0.36
2025-03-11,600019,16.53,16.71,16.71,16.44,673358,499120881.0,1.63,0.97,0.16,0.31
2025-03-12,600019,16.71,16.67,16.82,16.6,727998,546345322.0,1.32,-0.24,-0.04,0.33
2025-03-13,600019,16.72,16.76,16.76,16.56,580578,433432778.0,1.2,0.54,0.09,0.27
2025-03-14,600019,16.77,16.64,16.82,16.58,818169,610316351.0,1.43,-0.72,-0.12,0.38
2025-03-17,600019,16.65,16.69,16.77,16.62,626075,469834495.0,0.9,0.3,0.05,0.29
2025-03-18,600019,16.7,16.58,16.7,16.45,594456,440156975.0,1.5,-0.66,-0.11,0.27
2025-03-19,600019,16.58,16.45,16.62,16.43,398941,292235816.0,1.15,-0.78,-0.13,0.18
2025-03-20,600019,16.47,16.55,16.65,16.37,656089,482445981.0,1.7,0.61,0.1,0.3
2025-03-21,600019,16.55,16.71,16.75,16.55,936612,703466052.0,1.21,0.97,0.16,0.43
2025-03-24,600019,16.71,16.73,16.8,16.64,561033,422498615.0,0.96,0.12,0.02,0.26
2025-03-25,600019,16.76,16.73,16.88,16.65,498743,375355794.0,1.37,0.0,0.0,0.23
2025-03-26,600019,16.7,16.62,16.73,16.54,550013,408140278.0,1.14,-0.66,-0.11,0.25
2025-03-27,600019,16.61,16.6,16.67,16.58,320404,238010456.0,0.54,-0.12,-0.02,0.15
2025-03-28,600019,16.61,16.49,16.62,16.48,401968,295427193.0,0.84,-0.66,-0.11,0.18
2025-03-31,600019,16.45,16.33,16.49,16.28,684891,494857243.0,1.27,-0.97,-0.16,0.31
2025-04-01,600019,16.39,16.48,16.54,16.32,508313,371084734.0,1.35,0.92,0.15,0.23
2025-04-02,600019,16.34,16.37,16.48,16.33,369213,268214542.0,0.91,-0.67,-0.11,0.17
2025-04-03,600019,16.33,16.4,16.47,16.31,344602,250025129.0,0.98,0.18,0.03,0.16
2025-04-07,600019,16.21,15.71,16.22,15.51,1583547,1076440001.0,4.33,-4.21,-0.69,0.73
2025-04-08,600019,15.65,15.83,15.93,15.65,1209372,819693492.0,1.78,0.76,0.12,0.56
2025-04-09,600019,15.83,15.88,15.88,15.64,1030087,691945445.0,1.52,0.32,0.05,0.47
2025-04-10,600019,15.92,15.81,15.97,15.79,945678,644574218.0,1.13,-0.44,-0.07,0.43
2025-04-11,600019,15.81,15.82,15.84,15.71,524007,353296716.0,0.82,0.06,0.01,0.24
2025-04-14,600019,15.84,15.86,15.89,15.79,502978,341873521.0,0.63,0.25,0.04,0.23
2025-04-15,600019,15.86,15.77,15.87,15.72,701785,472920448.0,0.95,-0.57,-0.09,0.32
2025-04-16,600019,15.77,15.82,15.82,15.67,811715,545317716.0,0.95,0.32,0.05,0.37
2025-04-17,600019,15.76,15.7,15.79,15.67,705888,473154894.0,0.76,-0.76,-0.12,0.32
2025-04-18,600019,15.7,15.82,15.84,15.67,501232,337083747.0,1.08,0.76,0.12,0.23
2025-04-21,600019,15.81,15.73,15.89,15.72,576398,388809577.0,1.07,-0.57,-0.09,0.26
2025-04-22,600019,15.73,15.62,15.73,15.6,934793,620372100.0,0.83,-0.7,-0.11,0.43
2025-04-23,600019,15.64,15.51,15.65,15.5,1138850,746006559.0,0.96,-0.7,-0.11,0.52
2025-04-24,600019,15.51,15.5,15.58,15.48,565798,369638733.0,0.64,-0.06,-0.01,0.26
2025-04-25,600019,15.51,15.65,15.69,15.49,899274,594407125.0,1.29,0.97,0.15,0.41
2025-04-28,600019,15.72,15.99,16.16,15.7,2268957,1576630012.0,2.94,2.17,0.34,1.04
2025-04-29,600019,15.99,16.0,16.11,15.95,616388,427289038.0,1.0,0.06,0.01,0.28
2025-04-30,600019,16.01,15.89,16.01,15.84,641137,438710842.0,1.06,-0.69,-0.11,0.29
2025-05-06,600019,15.9,15.95,16.03,15.81,705098,484582794.0,1.38,0.38,0.06,0.32
2025-05-07,600019,16.05,16.03,16.06,15.92,502788,347373247.0,0.88,0.5,0.08,0.23
2025-05-08,600019,15.98,15.94,16.05,15.93,485000,335280297.0,0.75,-0.56,-0.09,0.22
2025-05-09,600019,15.95,16.0,16.01,15.92,463988,320551385.0,0.56,0.38,0.06,0.21
2025-05-12,600019,16.0,15.98,16.03,15.93,534924,369384457.0,0.63,-0.13,-0.02,0.25
2025-05-13,600019,16.0,16.06,16.2,16.0,838620,588422124.0,1.25,0.5,0.08,0.39
2025-05-14,600019,16.08,16.1,16.12,16.03,380109,265763883.0,0.56,0.25,0.04,0.17
2025-05-15,600019,16.09,16.05,16.12,16.04,316848,221446914.0,0.5,-0.31,-0.05,0.15
2025-05-16,600019,16.04,16.04,16.06,15.94,419284,291176601.0,0.75,-0.06,-0.01,0.19
2025-05-19,600019,16.03,16.05,16.06,15.97,316458,219680429.0,0.56,0.06,0.01,0.15
2025-05-20,600019,16.05,16.01,16.11,15.99,328506,228667552.0,0.75,-0.25,-0.04,0.15
2025-05-21,600019,16.01,16.03,16.1,15.95,607096,421870739.0,0.94,0.12,0.02,0.28
2025-05-22,600019,16.01,15.92,16.04,15.88,700919,481653493.0,1.0,-0.69,-0.11,0.32
2025-05-23,600019,15.93,15.92,16.09,15.92,596154,412643543.0,1.07,0.0,0.0,0.27
2025-05-26,600019,15.9,15.84,15.94,15.84,407238,278071773.0,0.63,-0.5,-0.08,0.19
2025-05-27,600019,15.84,15.75,15.86,15.73,439419,296740450.0,0.82,-0.57,-0.09,0.2
2025-05-28,600019,15.76,15.69,15.77,15.69,391167,261843658.0,0.51,-0.38,-0.06,0.18
2025-05-29,600019,15.69,15.71,15.73,15.66,490709,328071333.0,0.45,0.13,0.02,0.23
2025-05-30,600019,15.7,15.77,15.83,15.7,544752,366724623.0,0.83,0.38,0.06,0.25
2025-06-03,600019,15.75,15.58,15.75,15.56,1338475,884878280.0,1.2,-1.2,-0.19,0.61
2025-06-04,600019,15.61,15.7,15.71,15.59,805137,535942601.0,0.77,0.77,0.12,0.37
2025-06-05,600019,15.72,15.65,15.75,15.62,466178,309957911.0,0.83,-0.32,-0.05,0.21
2025-06-06,600019,15.66,15.66,15.73,15.65,522847,348682020.0,0.51,0.06,0.01,0.24
2025-06-09,600019,15.69,15.69,15.71,15.65,436411,290793871.0,0.38,0.19,0.03,0.2
2025-06-10,600019,15.69,15.7,15.75,15.65,537839,359487530.0,0.64,0.06,0.01,0.25
2025-06-11,600019,15.73,15.84,15.88,15.7,660934,441504170.0,1.15,0.89,0.14,0.3
2025-06-12,600019,15.84,15.89,15.89,15.79,488833,328199210.0,0.63,0.32,0.05,0.22
2025-06-13,600019,15.88,15.88,15.89,15.8,668232,447520321.0,0.57,-0.06,-0.01,0.31
2025-06-16,600019,15.85,15.77,15.87,15.74,511782,340920924.0,0.82,-0.69,-0.11,0.23
2025-06-17,600019,15.77,15.77,15.82,15.72,400030,265434499.0,0.63,0.0,0.0,0.18
2025-06-18,600019,15.77,15.73,15.79,15.7,379055,250653379.0,0.57,-0.25,-0.04,0.17
2025-06-19,600019,15.73,15.59,15.76,15.56,841282,548012817.0,1.27,-0.89,-0.14,0.39
2025-06-20,600019,15.59,15.7,15.73,15.59,628716,412941771.0,0.9,0.71,0.11,0.29
2025-06-23,600019,15.67,15.56,15.67,15.55,755689,490639050.0,0.76,-0.89,-0.14,0.35
2025-06-24,600019,15.57,15.65,15.66,15.57,567795,370213327.0,0.58,0.58,0.09,0.26
2025-06-25,600019,15.65,15.71,15.72,15.62,458056,300545385.0,0.64,0.38,0.06,0.21
2025-06-26,600019,15.7,15.66,15.73,15.66,431351,283503292.0,0.45,-0.32,-0.05,0.2
2025-06-27,600019,15.67,15.68,15.77,15.66,593262,390850207.0,0.7,0.13,0.02,0.27
2025-06-30,600019,15.7,15.71,15.76,15.67,569256,375672447.0,0.57,0.19,0.03,0.26
2025-07-01,600019,15.71,15.72,15.74,15.67,475875,313970428.0,0.45,0.06,0.01,0.22
2025-07-02,600019,15.72,16.09,16.1,15.71,1795066,1215637766.0,2.48,2.35,0.37,0.82
2025-07-03,600019,16.09,16.17,16.22,15.94,1338857,926804294.0,1.74,0.5,0.08,0.61
2025-07-04,600019,16.21,16.33,16.4,16.17,1331120,943434705.0,1.42,0.99,0.16,0.61
2025-07-07,600019,16.29,16.45,16.49,16.24,871134,624724634.0,1.53,0.73,0.12,0.4
2025-07-08,600019,16.45,16.4,16.5,16.35,615167,441007313.0,0.91,-0.3,-0.05,0.28
2025-07-09,600019,16.39,16.27,16.45,16.26,684378,485052744.0,1.16,-0.79,-0.13,0.31
2025-07-10,600019,16.27,16.22,16.35,16.22,735408,518925612.0,0.8,-0.31,-0.05,0.34
2025-07-11,600019,16.24,16.22,16.44,16.22,1191253,845108394.0,1.36,0.0,0.0,0.55
2025-07-14,600019,16.26,16.29,16.44,16.26,790436,563037715.0,1.11,0.43,0.07,0.36
2025-07-15,600019,16.31,16.27,16.37,16.2,620579,437797577.0,1.04,-0.12,-0.02,0.28
2025-07-16,600019,16.26,16.13,16.29,16.11,597661,416671489.0,1.11,-0.86,-0.14,0.27
2025-07-17,600019,16.13,16.26,16.27,16.1,673945,472375391.0,1.05,0.81,0.13,0.31
2025-07-18,600019,16.27,16.33,16.38,16.26,538015,381750229.0,0.74,0.43,0.07,0.25
